time_s,fx_n,fy_n,fz_n,mx_nm,my_nm,mz_nm,fx_n_filtered,fy_n_filtered,fz_n_filtered,mx_nm_filtered,my_nm_filtered,mz_nm_filtered,mass_g,stable_mass_g
0.010240,0.080000,0.060000,0.160000,0.000000,0.000000,0.000000,0.080000,0.060000,0.160000,0.000000,0.000000,0.000000,16.315,
0.020668,0.020000,0.040000,0.000000,0.000000,0.000000,0.000000,0.074000,0.058000,0.144000,0.000000,0.000000,0.000000,14.684,
0.040602,0.000000,0.000000,0.000000,0.000000,0.000000,0.000000,0.066600,0.052200,0.129600,0.000000,0.000000,0.000000,13.216,
0.060706,0.020000,0.080000,0.100000,0.000000,0.000000,0.000000,0.061940,0.054980,0.126640,0.000000,0.000000,0.000000,12.914,
0.080653,0.020000,0.060000,0.060000,0.000000,0.000000,0.000000,0.057746,0.055482,0.119976,0.000000,0.000000,0.000000,12.234,
0.100608,0.040000,0.020000,0.000000,0.000000,0.000000,0.000000,0.055971,0.051934,0.107978,0.000000,0.000000,0.000000,11.011,
0.120684,0.100000,-0.040000,0.080000,0.000000,0.000000,0.000000,0.060374,0.042740,0.105181,0.000000,0.000000,0.000000,10.725,
0.140798,0.120000,0.000000,0.040000,0.000000,0.000000,0.000000,0.066337,0.038466,0.098663,0.000000,0.000000,0.000000,10.061,
0.160740,0.100000,-0.040000,0.120000,0.000000,0.000000,0.000000,0.069703,0.030620,0.100796,0.000000,0.000000,0.000000,10.278,
0.180573,-0.020000,0.040000,0.180000,0.000000,0.000000,0.000000,0.060733,0.031558,0.108717,0.000000,0.000000,0.000000,11.086,
0.200649,0.100000,0.060000,0.060000,0.000000,0.000000,0.000000,0.064660,0.034402,0.103845,0.000000,0.000000,0.000000,10.589,
0.220601,0.180000,0.060000,-0.040000,0.000000,0.000000,0.000000,0.076194,0.036962,0.089460,0.000000,0.000000,0.000000,9.122,
0.240671,0.160000,0.040000,0.020000,0.000000,0.000000,0.000000,0.084574,0.037266,0.082514,0.000000,0.000000,0.000000,8.414,
0.260653,0.240000,0.080000,0.000000,0.000000,0.020000,0.000000,0.100117,0.041539,0.074263,0.000000,0.002000,0.000000,7.573,
0.280605,0.120000,-0.040000,0.100000,0.000000,0.000000,0.000000,0.102105,0.033385,0.076837,0.000000,0.001800,0.000000,7.835,
0.300554,0.040000,0.040000,0.180000,0.000000,0.000000,0.000000,0.095895,0.034047,0.087153,0.000000,0.001620,0.000000,8.887,
0.320630,0.080000,0.000000,0.000000,0.000000,0.000000,0.000000,0.094305,0.030642,0.078438,0.000000,0.001458,0.000000,7.998,
0.340614,0.040000,-0.080000,0.180000,0.000000,0.000000,0.000000,0.088875,0.019578,0.088594,0.000000,0.001312,0.000000,9.034,
0.360545,0.280000,-0.020000,0.000000,0.000000,0.020000,0.000000,0.107987,0.015620,0.079735,0.000000,0.003181,0.000000,8.131,
0.380651,0.140000,0.020000,0.180000,0.000000,0.000000,0.000000,0.111188,0.016058,0.089761,0.000000,0.002863,0.000000,9.153,
0.400771,0.120000,0.060000,0.080000,0.000000,0.000000,0.000000,0.112070,0.020452,0.088785,0.000000,0.002577,0.000000,9.054,
0.420732,0.100000,0.000000,0.060000,0.000000,0.000000,0.000000,0.110863,0.018407,0.085906,0.000000,0.002319,0.000000,8.760,
0.440630,0.160000,-0.020000,0.000000,0.000000,0.000000,0.000000,0.115776,0.014566,0.077316,0.000000,0.002087,0.000000,7.884,
0.460610,0.180000,0.080000,0.000000,0.000000,0.000000,0.000000,0.122199,0.021110,0.069584,0.000000,0.001878,0.000000,7.096,
0.480667,0.080000,0.040000,0.080000,0.000000,0.000000,0.000000,0.117979,0.022999,0.070626,0.000000,0.001691,0.000000,7.202,
0.500638,0.140000,0.000000,0.180000,0.000000,0.000000,0.000000,0.120181,0.020699,0.081563,0.000000,0.001521,0.000000,8.317,
0.520709,0.180000,0.020000,-0.140000,0.000000,0.020000,0.000000,0.126163,0.020629,0.059407,0.000000,0.003369,0.000000,6.058,
0.540666,0.140000,-0.060000,0.220000,0.000000,0.000000,0.000000,0.127547,0.012566,0.075466,0.000000,0.003032,0.000000,7.695,
0.560644,0.020000,-0.020000,0.140000,0.000000,0.000000,0.000000,0.116792,0.009309,0.081920,0.000000,0.002729,0.000000,8.353,
0.580741,0.140000,-0.020000,0.440000,0.000000,0.000000,0.000000,0.119113,0.006378,0.117728,0.000000,0.002456,0.000000,12.005,
0.600686,0.040000,0.020000,0.180000,0.000000,0.000000,0.000000,0.111201,0.007741,0.123955,0.000000,0.002211,0.000000,12.640,
0.620637,0.000000,0.020000,0.180000,0.000000,0.000000,0.000000,0.100081,0.008967,0.129559,0.000000,0.001990,0.000000,13.211,
0.640761,0.040000,0.060000,-0.040000,0.000000,0.000000,0.000000,0.094073,0.014070,0.112603,0.000000,0.001791,0.000000,11.482,
0.660705,0.080000,0.160000,0.020000,-0.020000,0.000000,0.000000,0.092666,0.028663,0.103343,-0.002000,0.001612,0.000000,10.538,
0.680619,0.120000,0.120000,-0.020000,0.000000,0.000000,0.000000,0.095399,0.037797,0.091009,-0.001800,0.001450,0.000000,9.280,
0.700605,0.060000,0.080000,0.080000,0.000000,0.000000,0.000000,0.091859,0.042017,0.089908,-0.001620,0.001305,0.000000,9.168,
0.720670,0.060000,0.120000,-0.060000,0.000000,0.000000,0.000000,0.088673,0.049815,0.074917,-0.001458,0.001175,0.000000,7.639,
0.740654,0.240000,-0.020000,-0.040000,0.000000,0.020000,0.000000,0.103806,0.042834,0.063425,-0.001312,0.003057,0.000000,6.468,
0.760599,0.100000,0.000000,0.140000,0.000000,0.000000,0.000000,0.103425,0.038550,0.071083,-0.001181,0.002752,0.000000,7.248,
0.780662,0.060000,-0.120000,0.260000,0.000000,0.000000,0.000000,0.099083,0.022695,0.089975,-0.001063,0.002476,0.000000,9.175,
0.800636,0.260000,0.020000,-0.020000,0.000000,0.000000,0.000000,0.115175,0.022426,0.078977,-0.000957,0.002229,0.000000,8.053,
0.820736,0.100000,0.000000,0.000000,0.000000,0.000000,0.000000,0.113657,0.020183,0.071079,-0.000861,0.002006,0.000000,7.248,
0.840670,0.020000,0.000000,-0.100000,0.000000,0.000000,0.000000,0.104291,0.018165,0.053971,-0.000775,0.001805,0.000000,5.504,
0.860806,0.000000,0.040000,0.100000,0.000000,0.000000,0.000000,0.093862,0.020348,0.058574,-0.000697,0.001625,0.000000,5.973,
0.880733,0.120000,0.000000,0.080000,0.000000,0.000000,0.000000,0.096476,0.018314,0.060717,-0.000628,0.001462,0.000000,6.191,
0.900694,0.080000,0.120000,0.020000,-0.020000,0.000000,0.000000,0.094828,0.028482,0.056645,-0.002565,0.001316,0.000000,5.776,
0.920640,0.040000,0.020000,-0.040000,0.000000,0.000000,0.000000,0.089346,0.027634,0.046981,-0.002308,0.001184,0.000000,4.791,
0.940756,0.040000,0.100000,0.000000,0.000000,0.000000,0.000000,0.084411,0.034871,0.042283,-0.002078,0.001066,0.000000,4.312,
0.960677,-0.180000,0.100000,0.000000,0.000000,0.000000,0.000000,0.057970,0.041384,0.038054,-0.001870,0.000959,0.000000,3.880,
0.980643,0.060000,0.160000,-0.060000,0.000000,0.000000,0.000000,0.058173,0.053245,0.028249,-0.001683,0.000863,0.000000,2.881,8.863
1.000597,0.200000,0.060000,0.000000,0.000000,0.000000,0.000000,0.072356,0.053921,0.025424,-0.001515,0.000777,0.000000,-0.288,
1.020797,0.000000,0.060000,0.000000,0.000000,0.000000,0.000000,0.065120,0.054529,0.022882,-0.001363,0.000699,0.000000,-0.547,
1.040769,0.020000,0.000000,0.020000,0.000000,0.000000,0.000000,0.060608,0.049076,0.022593,-0.001227,0.000629,0.000000,-0.577,
1.060737,0.120000,0.000000,-0.080000,0.000000,0.000000,0.000000,0.066547,0.044168,0.012334,-0.001104,0.000567,0.000000,-1.623,
1.080680,0.080000,0.140000,-0.180000,-0.020000,0.000000,0.000000,0.067893,0.053751,-0.006899,-0.002994,0.000510,0.000000,-3.584,
1.100679,0.100000,0.020000,0.040000,0.000000,0.000000,0.000000,0.071103,0.050376,-0.002209,-0.002694,0.000459,0.000000,-3.106,
1.120767,0.080000,0.020000,0.060000,0.000000,0.000000,0.000000,0.071993,0.047339,0.004012,-0.002425,0.000413,0.000000,-2.472,
1.140679,0.100000,-0.060000,0.240000,0.000000,0.000000,0.000000,0.074794,0.036605,0.027610,-0.002182,0.000372,0.000000,-0.065,
1.160644,0.100000,0.000000,0.060000,0.000000,0.000000,0.000000,0.077314,0.032944,0.030849,-0.001964,0.000335,0.000000,0.265,
1.180722,0.080000,-0.020000,0.080000,0.000000,0.000000,0.000000,0.077583,0.027650,0.035764,-0.001768,0.000301,0.000000,0.766,
1.200685,0.140000,0.120000,0.020000,0.000000,0.000000,0.000000,0.083825,0.036885,0.034188,-0.001591,0.000271,0.000000,0.606,
1.220646,0.120000,-0.060000,0.200000,0.000000,0.000000,0.000000,0.087442,0.027196,0.050769,-0.001432,0.000244,0.000000,2.296,
1.240589,0.180000,0.180000,0.040000,-0.020000,0.000000,0.000000,0.096698,0.042477,0.049692,-0.003289,0.000219,0.000000,2.187,
1.260538,0.040000,0.080000,0.180000,0.000000,0.000000,0.000000,0.091028,0.046229,0.062723,-0.002960,0.000198,0.000000,3.515,
1.280627,0.040000,0.100000,0.120000,0.000000,0.000000,0.000000,0.085925,0.051606,0.068451,-0.002664,0.000178,0.000000,4.099,
1.300597,0.120000,0.120000,-0.080000,0.000000,0.000000,0.000000,0.089333,0.058446,0.053606,-0.002397,0.000160,0.000000,2.586,
1.320667,0.040000,0.200000,0.080000,-0.020000,0.000000,0.000000,0.084400,0.072601,0.056245,-0.004158,0.000144,0.000000,2.855,
1.340648,0.060000,0.020000,0.120000,0.000000,0.000000,0.000000,0.081960,0.067341,0.062621,-0.003742,0.000130,0.000000,3.505,
1.360730,0.100000,0.180000,0.060000,0.000000,0.000000,0.000000,0.083764,0.078607,0.062359,-0.003368,0.000117,0.000000,3.478,
1.380718,0.140000,0.060000,-0.140000,0.000000,0.000000,0.000000,0.089387,0.076746,0.042123,-0.003031,0.000105,0.000000,1.415,
1.400611,0.140000,-0.020000,0.000000,0.000000,0.000000,0.000000,0.094449,0.067072,0.037910,-0.002728,0.000094,0.000000,0.985,
1.420578,0.080000,0.000000,0.040000,0.000000,0.000000,0.000000,0.093004,0.060364,0.038119,-0.002455,0.000085,0.000000,1.007,
1.440670,0.200000,0.180000,-0.180000,0.000000,0.000000,0.000000,0.103703,0.072328,0.016307,-0.002210,0.000077,0.000000,-1.218,
1.460665,0.100000,-0.040000,0.080000,0.000000,0.000000,0.000000,0.103333,0.061095,0.022677,-0.001989,0.000069,0.000000,-0.568,
1.480724,-0.060000,0.060000,0.200000,0.000000,0.000000,0.000000,0.087000,0.060986,0.040409,-0.001790,0.000062,0.000000,1.240,
1.500674,0.080000,0.080000,0.020000,0.000000,0.000000,0.000000,0.086300,0.062887,0.038368,-0.001611,0.000056,0.000000,1.032,
1.520627,0.140000,0.300000,0.100000,-0.020000,0.000000,0.000000,0.091670,0.086598,0.044531,-0.003450,0.000050,0.000000,1.660,
1.540716,0.200000,0.120000,0.260000,0.000000,0.020000,0.000000,0.102503,0.089939,0.066078,-0.003105,0.002045,0.000000,3.858,
1.560688,0.040000,0.120000,0.100000,0.000000,0.000000,0.000000,0.096252,0.092945,0.069470,-0.002794,0.001841,0.000000,4.203,
1.580637,0.120000,0.020000,0.100000,0.000000,0.000000,0.000000,0.098627,0.085650,0.072523,-0.002515,0.001657,0.000000,4.515,
1.600714,-0.060000,0.120000,0.260000,0.000000,0.000000,0.000000,0.082765,0.089085,0.091271,-0.002263,0.001491,0.000000,6.426,
1.620678,0.120000,0.060000,0.040000,0.000000,0.000000,0.000000,0.086488,0.086177,0.086144,-0.002037,0.001342,0.000000,5.904,
1.640631,0.020000,0.080000,0.160000,0.000000,0.000000,0.000000,0.079839,0.085559,0.093530,-0.001833,0.001208,0.000000,6.657,
1.660714,0.020000,0.060000,0.000000,0.000000,0.000000,0.000000,0.073855,0.083003,0.084177,-0.001650,0.001087,0.000000,5.703,
1.680694,0.060000,0.000000,0.100000,0.000000,0.000000,0.000000,0.072470,0.074703,0.085759,-0.001485,0.000978,0.000000,5.864,
1.700623,0.040000,0.060000,0.160000,0.000000,0.000000,0.000000,0.069223,0.073233,0.093183,-0.001336,0.000880,0.000000,6.621,
1.720582,-0.020000,0.060000,-0.040000,0.000000,0.000000,0.000000,0.060301,0.071909,0.079865,-0.001203,0.000792,0.000000,5.263,
1.740723,-0.040000,0.120000,-0.120000,0.000000,0.000000,0.000000,0.050270,0.076718,0.059878,-0.001083,0.000713,0.000000,3.225,
1.760611,0.000000,0.080000,0.120000,0.000000,0.000000,0.000000,0.045243,0.077046,0.065890,-0.000974,0.000642,0.000000,3.838,
1.780581,0.040000,0.080000,0.080000,0.000000,0.000000,0.000000,0.044719,0.077342,0.067301,-0.000877,0.000578,0.000000,3.982,
1.800669,0.060000,0.000000,-0.060000,0.000000,0.000000,0.000000,0.046247,0.069608,0.054571,-0.000789,0.000520,0.000000,2.684,
1.820643,0.020000,0.040000,0.280000,0.000000,0.000000,0.000000,0.043622,0.066647,0.077114,-0.000710,0.000468,0.000000,4.983,
1.840712,0.100000,0.140000,-0.080000,0.000000,0.000000,0.000000,0.049260,0.073982,0.061403,-0.000639,0.000421,0.000000,3.381,
1.860667,0.100000,0.120000,-0.040000,0.000000,0.000000,0.000000,0.054334,0.078584,0.051262,-0.000575,0.000379,0.000000,2.347,
1.880780,-0.060000,0.240000,-0.200000,-0.020000,0.000000,0.000000,0.042901,0.094726,0.026136,-0.002518,0.000341,0.000000,-0.215,
1.900707,0.200000,0.140000,0.240000,-0.020000,0.000000,0.000000,0.058611,0.099253,0.047523,-0.004266,0.000307,0.000000,1.965,
1.920807,0.060000,0.020000,0.100000,0.000000,0.000000,0.000000,0.058750,0.091328,0.052770,-0.003839,0.000276,0.000000,2.500,
1.940632,0.100000,0.120000,0.080000,-0.020000,0.000000,0.000000,0.062875,0.094195,0.055493,-0.005455,0.000249,0.000000,2.778,
1.960695,0.220000,0.140000,-0.060000,-0.020000,0.000000,0.000000,0.078587,0.098775,0.043944,-0.006910,0.000224,0.000000,1.600,
1.980656,0.000000,0.080000,0.060000,0.000000,0.000000,0.000000,0.070728,0.096898,0.045550,-0.006219,0.000201,0.000000,1.764,2.186
2.000627,0.020000,0.060000,-0.080000,0.000000,0.000000,0.000000,0.065656,0.093208,0.032995,-0.005597,0.000181,0.000000,0.484,2.201
2.020731,0.120000,-0.080000,0.160000,0.000000,0.000000,0.000000,0.071090,0.075887,0.045695,-0.005037,0.000163,0.000000,1.779,2.248
2.040652,0.100000,0.020000,0.020000,0.000000,0.000000,0.000000,0.073981,0.070299,0.043126,-0.004534,0.000147,0.000000,1.517,2.290
2.060754,-0.020000,0.060000,-0.020000,0.000000,0.000000,0.000000,0.064583,0.069269,0.036813,-0.004080,0.000132,0.000000,0.873,2.340
2.080745,0.060000,0.040000,0.000000,0.000000,0.000000,0.000000,0.064125,0.066342,0.033132,-0.003672,0.000119,0.000000,0.498,2.421
2.100680,0.180000,0.180000,0.120000,-0.020000,0.000000,0.000000,0.075712,0.077708,0.041819,-0.005305,0.000107,0.000000,1.384,2.511
2.120630,0.200000,0.140000,0.180000,0.000000,0.000000,0.000000,0.088141,0.083937,0.055637,-0.004774,0.000096,0.000000,2.793,2.616
2.140712,0.140000,-0.020000,-0.060000,0.000000,0.000000,0.000000,0.093327,0.073543,0.044073,-0.004297,0.000087,0.000000,1.614,2.650
2.160651,0.120000,0.180000,0.060000,-0.020000,0.000000,0.000000,0.095994,0.084189,0.045666,-0.005867,0.000078,0.000000,1.776,2.680
2.180606,0.200000,0.080000,0.060000,0.000000,0.020000,0.000000,0.106395,0.083770,0.047099,-0.005281,0.002070,0.000000,1.922,2.703
2.200739,0.020000,-0.080000,-0.080000,0.000000,0.000000,0.000000,0.097755,0.067393,0.034389,-0.004753,0.001863,0.000000,0.626,2.704
2.220691,0.000000,-0.100000,0.000000,0.000000,0.000000,0.000000,0.087980,0.050654,0.030950,-0.004277,0.001677,0.000000,0.275,2.663
2.240648,0.160000,0.040000,0.200000,0.000000,0.000000,0.000000,0.095182,0.049588,0.047855,-0.003850,0.001509,0.000000,1.999,2.660
2.260781,0.040000,0.120000,-0.080000,-0.020000,0.000000,0.000000,0.089664,0.056629,0.035070,-0.005465,0.001358,0.000000,0.696,2.603
2.280703,0.180000,-0.040000,0.020000,0.000000,0.000000,0.000000,0.098697,0.046967,0.033563,-0.004918,0.001222,0.000000,0.542,2.532
2.300617,0.080000,0.120000,0.060000,0.000000,0.000000,0.000000,0.096828,0.054270,0.036207,-0.004426,0.001100,0.000000,0.811,2.497
2.320702,0.040000,-0.100000,0.020000,0.000000,0.000000,0.000000,0.091145,0.038843,0.034586,-0.003984,0.000990,0.000000,0.646,2.452
2.340658,0.000000,0.120000,0.120000,-0.020000,0.000000,0.000000,0.082030,0.046959,0.043127,-0.005585,0.000891,0.000000,1.517,2.413
2.360747,0.100000,0.200000,0.000000,-0.020000,0.000000,0.000000,0.083827,0.062263,0.038815,-0.007027,0.000802,0.000000,1.077,2.365
2.380700,0.080000,0.060000,-0.040000,0.000000,0.000000,0.000000,0.083445,0.062036,0.030933,-0.006324,0.000722,0.000000,0.274,2.342
2.400690,0.040000,-0.140000,0.200000,0.000000,0.000000,0.000000,0.079100,0.041833,0.047840,-0.005692,0.000650,0.000000,1.998,2.362
2.420604,0.060000,0.080000,-0.040000,0.000000,0.000000,0.000000,0.077190,0.045650,0.039056,-0.005123,0.000585,0.000000,1.102,2.364
2.440693,0.140000,0.140000,0.080000,0.000000,0.000000,0.000000,0.083471,0.055085,0.043150,-0.004610,0.000526,0.000000,1.520,2.419
2.460652,0.120000,0.020000,0.180000,0.000000,0.000000,0.000000,0.087124,0.051576,0.056835,-0.004149,0.000474,0.000000,2.915,2.488
2.480624,0.080000,0.060000,0.000000,0.000000,0.000000,0.000000,0.086412,0.052419,0.051152,-0.003734,0.000426,0.000000,2.335,2.510
2.500716,0.000000,0.000000,0.060000,0.000000,0.000000,0.000000,0.077770,0.047177,0.052037,-0.003361,0.000384,0.000000,2.426,2.538
2.520660,0.120000,0.080000,0.120000,0.000000,0.000000,0.000000,0.081993,0.050459,0.058833,-0.003025,0.000345,0.000000,3.119,2.567
2.540604,0.040000,0.080000,0.100000,0.000000,0.000000,0.000000,0.077794,0.053413,0.062950,-0.002722,0.000311,0.000000,3.538,2.561
2.560689,0.000000,0.120000,0.020000,0.000000,0.000000,0.000000,0.070015,0.060072,0.058655,-0.002450,0.000280,0.000000,3.101,2.539
2.580690,0.040000,0.060000,-0.020000,0.000000,0.000000,0.000000,0.067013,0.060065,0.050789,-0.002205,0.000252,0.000000,2.298,2.495
2.600625,0.120000,0.240000,0.000000,-0.020000,0.000000,0.000000,0.072312,0.078058,0.045710,-0.003985,0.000227,0.000000,1.781,2.402
2.620695,0.080000,-0.020000,0.260000,0.000000,0.000000,0.000000,0.073081,0.068252,0.067139,-0.003586,0.000204,0.000000,3.966,2.363
2.640664,0.060000,0.000000,-0.160000,0.000000,0.000000,0.000000,0.071773,0.061427,0.044425,-0.003228,0.000183,0.000000,1.650,2.263
2.660619,0.120000,0.080000,0.060000,0.000000,0.000000,0.000000,0.076595,0.063284,0.045983,-0.002905,0.000165,0.000000,1.808,2.185
2.680673,0.180000,0.000000,0.100000,0.000000,0.000000,0.000000,0.086936,0.056956,0.051384,-0.002614,0.000149,0.000000,2.359,2.115
2.700644,0.180000,0.020000,0.100000,0.000000,0.000000,0.000000,0.096242,0.053260,0.056246,-0.002353,0.000134,0.000000,2.855,2.039
2.720622,0.120000,-0.020000,0.000000,0.000000,0.000000,0.000000,0.098618,0.045934,0.050621,-0.002118,0.000120,0.000000,2.281,1.980
2.740760,0.120000,0.080000,-0.100000,0.000000,0.000000,0.000000,0.100756,0.049341,0.035559,-0.001906,0.000108,0.000000,0.745,1.930
2.760659,0.080000,0.020000,-0.040000,0.000000,0.000000,0.000000,0.098681,0.046407,0.028003,-0.001715,0.000098,0.000000,-0.025,1.853
2.780596,0.060000,0.060000,0.040000,0.000000,0.000000,0.000000,0.094813,0.047766,0.029203,-0.001544,0.000088,0.000000,0.097,1.775
2.800688,0.180000,0.040000,0.060000,0.000000,0.000000,0.000000,0.103331,0.046990,0.032283,-0.001389,0.000079,0.000000,0.411,1.730
2.820647,0.240000,0.000000,0.220000,0.000000,0.020000,0.000000,0.116998,0.042291,0.051054,-0.001250,0.002071,0.000000,2.326,1.677
2.840613,0.160000,-0.020000,-0.100000,0.000000,0.000000,0.000000,0.121298,0.036062,0.035949,-0.001125,0.001864,0.000000,0.785,1.625
2.860690,0.180000,0.020000,0.000000,0.000000,0.000000,0.000000,0.127168,0.034455,0.032354,-0.001013,0.001678,0.000000,0.419,1.586
2.880648,0.200000,0.000000,0.100000,0.000000,0.000000,0.000000,0.134452,0.031010,0.039119,-0.000912,0.001510,0.000000,1.108,1.613
2.900611,0.020000,0.120000,-0.060000,0.000000,0.000000,0.000000,0.123006,0.039909,0.029207,-0.000820,0.001359,0.000000,0.098,1.575
2.920722,0.040000,0.060000,0.080000,0.000000,0.000000,0.000000,0.114706,0.041918,0.034286,-0.000738,0.001223,0.000000,0.616,1.538
2.940552,0.120000,0.020000,-0.120000,0.000000,0.000000,0.000000,0.115235,0.039726,0.018858,-0.000665,0.001101,0.000000,-0.958,1.463
2.960573,0.060000,0.020000,0.060000,0.000000,0.000000,0.000000,0.109712,0.037754,0.022972,-0.000598,0.000991,0.000000,-0.538,1.420
2.980668,0.220000,0.140000,-0.040000,0.000000,0.000000,0.000000,0.120741,0.047978,0.016675,-0.000538,0.000892,0.000000,-1.180,1.361
3.000655,-0.020000,-0.100000,0.100000,0.000000,0.000000,0.000000,0.106666,0.033180,0.025007,-0.000484,0.000802,0.000000,-0.331,1.345
3.020679,0.080000,0.060000,0.120000,0.000000,0.000000,0.000000,0.104000,0.035862,0.034506,-0.000436,0.000722,0.000000,0.638,1.322
3.040638,0.100000,0.240000,0.160000,-0.020000,0.000000,0.000000,0.103600,0.056276,0.047056,-0.002392,0.000650,0.000000,1.918,1.330
3.060784,0.120000,-0.040000,0.060000,0.000000,0.000000,0.000000,0.105240,0.046648,0.048350,-0.002153,0.000585,0.000000,2.050,1.354
3.080604,0.060000,0.020000,0.000000,0.000000,0.000000,0.000000,0.100716,0.043984,0.043515,-0.001938,0.000526,0.000000,1.557,1.375
3.100644,0.080000,0.100000,0.140000,0.000000,0.000000,0.000000,0.098644,0.049585,0.053164,-0.001744,0.000474,0.000000,2.541,1.398
3.120606,0.120000,0.040000,0.060000,0.000000,0.000000,0.000000,0.100780,0.048627,0.053847,-0.001570,0.000426,0.000000,2.610,1.394
3.140597,0.020000,-0.020000,0.140000,0.000000,0.000000,0.000000,0.092702,0.041764,0.062463,-0.001413,0.000384,0.000000,3.489,1.432
3.160585,0.140000,0.060000,0.060000,0.000000,0.000000,0.000000,0.097432,0.043588,0.062216,-0.001271,0.000345,0.000000,3.464,1.466
3.180671,0.100000,0.000000,-0.060000,0.000000,0.000000,0.000000,0.097689,0.039229,0.049995,-0.001144,0.000311,0.000000,2.217,1.471
3.200557,0.160000,-0.060000,-0.100000,0.000000,0.000000,0.000000,0.103920,0.029306,0.034995,-0.001030,0.000280,0.000000,0.688,1.473
3.220657,0.000000,0.060000,0.060000,0.000000,0.000000,0.000000,0.093528,0.032375,0.037496,-0.000927,0.000252,0.000000,0.943,1.486
3.240633,0.140000,-0.040000,0.180000,0.000000,0.000000,0.000000,0.098175,0.025138,0.051746,-0.000834,0.000227,0.000000,2.396,1.494
3.260658,0.100000,0.000000,0.040000,0.000000,0.000000,0.000000,0.098357,0.022624,0.050572,-0.000751,0.000204,0.000000,2.276,1.526
3.280628,0.180000,0.080000,0.000000,0.000000,0.000000,0.000000,0.106522,0.028362,0.045514,-0.000676,0.000184,0.000000,1.761,1.550
3.300629,0.260000,0.060000,0.060000,0.000000,0.020000,0.000000,0.121870,0.031526,0.046963,-0.000608,0.002165,0.000000,1.908,1.572
3.320737,0.140000,0.020000,0.000000,0.000000,0.000000,0.000000,0.123683,0.030373,0.042267,-0.000547,0.001949,0.000000,1.429,1.588
3.340594,0.040000,-0.120000,0.060000,0.000000,0.000000,0.000000,0.115314,0.015336,0.044040,-0.000493,0.001754,0.000000,1.610,1.589
3.360764,0.060000,0.160000,-0.100000,0.000000,0.000000,0.000000,0.109783,0.029802,0.029636,-0.000443,0.001578,0.000000,0.141,1.571
3.380693,0.160000,-0.060000,0.040000,0.000000,0.000000,0.000000,0.114805,0.020822,0.030672,-0.000399,0.001421,0.000000,0.247,1.570
3.400553,0.080000,0.200000,-0.080000,-0.020000,0.000000,0.000000,0.111324,0.038740,0.019605,-0.002359,0.001279,0.000000,-0.881,1.513
3.420698,0.100000,0.000000,0.080000,0.000000,0.000000,0.000000,0.110192,0.034866,0.025645,-0.002123,0.001151,0.000000,-0.266,1.485
3.440663,0.100000,0.060000,-0.040000,0.000000,0.000000,0.000000,0.109173,0.037379,0.019080,-0.001911,0.001036,0.000000,-0.935,1.436
3.460632,0.040000,0.080000,0.000000,0.000000,0.000000,0.000000,0.102255,0.041641,0.017172,-0.001720,0.000932,0.000000,-1.130,1.355
3.480624,0.000000,0.180000,0.060000,-0.020000,0.000000,0.000000,0.092030,0.055477,0.021455,-0.003548,0.000839,0.000000,-0.693,1.295
3.500619,0.040000,0.080000,-0.120000,0.000000,0.000000,0.000000,0.086827,0.057929,0.007309,-0.003193,0.000755,0.000000,-2.135,1.203
3.520615,0.040000,0.080000,0.140000,0.000000,0.000000,0.000000,0.082144,0.060136,0.020578,-0.002874,0.000679,0.000000,-0.782,1.125
3.540604,0.060000,0.120000,0.020000,-0.020000,0.000000,0.000000,0.079930,0.066123,0.020521,-0.004586,0.000612,0.000000,-0.788,1.039
3.560585,0.100000,0.120000,0.120000,0.000000,0.000000,0.000000,0.081937,0.071511,0.030469,-0.004128,0.000550,0.000000,0.226,0.981
3.580587,0.200000,0.060000,0.240000,0.000000,0.000000,0.000000,0.093743,0.070359,0.051422,-0.003715,0.000495,0.000000,2.363,0.983
3.600598,0.160000,0.180000,0.020000,0.000000,0.000000,0.000000,0.100369,0.081324,0.048280,-0.003343,0.000446,0.000000,2.043,0.988
3.620561,0.220000,0.120000,0.140000,0.000000,0.000000,0.000000,0.112332,0.085191,0.057452,-0.003009,0.000401,0.000000,2.978,0.968
3.640715,-0.100000,0.060000,0.060000,0.000000,0.000000,0.000000,0.091099,0.082672,0.057706,-0.002708,0.000361,0.000000,3.004,0.995
3.660641,0.140000,0.080000,0.000000,0.000000,0.000000,0.000000,0.095989,0.082405,0.051936,-0.002437,0.000325,0.000000,2.415,1.007
3.680661,0.280000,0.060000,0.020000,0.000000,0.020000,0.000000,0.114390,0.080164,0.048742,-0.002194,0.002292,0.000000,2.090,1.002
3.700524,0.100000,0.060000,0.240000,0.000000,0.000000,0.000000,0.112951,0.078148,0.067868,-0.001974,0.002063,0.000000,4.040,1.026
3.720617,0.080000,0.180000,0.200000,-0.020000,0.000000,0.000000,0.109656,0.088333,0.081081,-0.003777,0.001857,0.000000,5.387,1.088
3.740614,0.060000,0.120000,0.060000,0.000000,0.000000,0.000000,0.104690,0.091500,0.078973,-0.003399,0.001671,0.000000,5.172,1.176
3.760762,0.020000,0.060000,0.120000,0.000000,0.000000,0.000000,0.096221,0.088350,0.083076,-0.003059,0.001504,0.000000,5.591,1.289
3.780755,0.000000,0.200000,0.040000,-0.020000,0.000000,0.000000,0.086599,0.099515,0.078768,-0.004753,0.001354,0.000000,5.152,1.390
3.800757,0.200000,0.180000,0.040000,-0.020000,0.000000,0.000000,0.097939,0.107563,0.074891,-0.006278,0.001218,0.000000,4.756,1.477
3.820719,0.020000,0.140000,0.240000,0.000000,0.000000,0.000000,0.090145,0.110807,0.091402,-0.005650,0.001096,0.000000,6.440,1.559
3.840707,0.000000,0.120000,0.120000,-0.020000,0.000000,0.000000,0.081131,0.111726,0.094262,-0.007085,0.000987,0.000000,6.731,1.678
3.860701,0.140000,0.040000,0.000000,0.000000,0.000000,0.000000,0.087018,0.104554,0.084836,-0.006377,0.000888,0.000000,5.770,1.785
3.880689,0.300000,0.240000,0.060000,-0.020000,0.020000,0.000000,0.108316,0.118098,0.082352,-0.007739,0.002799,0.000000,5.517,1.873
3.900660,0.000000,0.260000,0.080000,-0.020000,0.000000,0.000000,0.097484,0.132288,0.082117,-0.008965,0.002519,0.000000,5.493,1.981
3.920339,0.180000,0.180000,0.160000,-0.020000,0.020000,0.000000,0.105736,0.137060,0.089905,-0.010069,0.004267,0.000000,6.287,2.094
3.940815,0.120000,0.000000,0.200000,0.000000,0.000000,0.000000,0.107162,0.123354,0.100915,-0.009062,0.003841,0.000000,7.410,2.262
3.960635,0.000000,-0.020000,0.100000,0.000000,0.000000,0.000000,0.096446,0.109018,0.100823,-0.008156,0.003457,0.000000,7.401,2.421
3.980630,0.120000,0.240000,0.260000,-0.020000,0.000000,0.000000,0.098801,0.122116,0.116741,-0.009340,0.003111,0.000000,9.024,2.625
4.000761,0.000000,0.000000,0.100000,0.000000,0.000000,0.000000,0.088921,0.109905,0.115067,-0.008406,0.002800,0.000000,8.853,2.808
4.020596,0.220000,0.100000,0.280000,0.000000,0.000000,0.000000,0.102029,0.108914,0.131560,-0.007565,0.002520,0.000000,10.535,3.006
4.040588,0.180000,0.180000,0.140000,0.000000,0.000000,0.000000,0.109826,0.116023,0.132404,-0.006809,0.002268,0.000000,10.621,3.180
4.060571,0.080000,0.180000,0.160000,-0.020000,0.000000,0.000000,0.106844,0.122421,0.135164,-0.008128,0.002041,0.000000,10.902,3.357
4.080576,0.020000,0.020000,0.220000,0.000000,0.000000,0.000000,0.098159,0.112179,0.143647,-0.007315,0.001837,0.000000,11.767,3.562
4.100541,0.000000,0.020000,0.280000,0.000000,0.000000,0.000000,0.088343,0.102961,0.157283,-0.006584,0.001653,0.000000,13.158,3.774
4.120662,0.160000,0.180000,0.120000,-0.020000,0.000000,0.000000,0.095509,0.110665,0.153554,-0.007925,0.001488,0.000000,12.778,3.977
4.140635,0.080000,0.240000,0.120000,-0.020000,0.000000,0.000000,0.093958,0.123598,0.150199,-0.009133,0.001339,0.000000,12.435,4.156
4.160657,0.120000,0.120000,0.020000,0.000000,0.000000,0.000000,0.096562,0.123238,0.137179,-0.008219,0.001205,0.000000,11.108,4.309
4.180649,0.040000,0.060000,0.340000,0.000000,0.000000,0.000000,0.090906,0.116915,0.157461,-0.007398,0.001085,0.000000,13.176,4.528
4.200619,0.000000,0.220000,0.140000,-0.020000,0.000000,0.000000,0.081815,0.127223,0.155715,-0.008658,0.000976,0.000000,12.998,4.774
4.220596,-0.020000,0.240000,0.080000,-0.020000,0.000000,0.000000,0.071634,0.138501,0.148144,-0.009792,0.000879,0.000000,12.226,5.000
4.240592,-0.020000,0.200000,0.320000,-0.020000,0.000000,0.000000,0.062471,0.144651,0.165329,-0.010813,0.000791,0.000000,13.978,5.232
4.260583,0.160000,0.240000,-0.060000,-0.020000,0.000000,0.000000,0.072223,0.154186,0.142796,-0.011732,0.000712,0.000000,11.681,5.420
4.280572,0.080000,0.100000,0.320000,0.000000,0.000000,0.000000,0.073001,0.148767,0.160517,-0.010558,0.000641,0.000000,13.488,5.654
4.300586,0.100000,0.180000,0.180000,-0.020000,0.000000,0.000000,0.075701,0.151890,0.162465,-0.011503,0.000576,0.000000,13.686,5.890
4.320690,0.020000,0.060000,0.240000,0.000000,0.000000,0.000000,0.070131,0.142701,0.170218,-0.010352,0.000519,0.000000,14.477,6.151
4.340674,0.080000,0.120000,0.200000,-0.020000,0.000000,0.000000,0.071118,0.140431,0.173197,-0.011317,0.000467,0.000000,14.781,6.414
4.360672,0.100000,0.120000,0.020000,-0.020000,0.000000,0.000000,0.074006,0.138388,0.157877,-0.012185,0.000420,0.000000,13.218,6.676
4.380675,0.160000,0.000000,0.320000,-0.020000,0.000000,0.000000,0.082605,0.124549,0.174089,-0.012967,0.000378,0.000000,14.872,6.968
4.400629,0.120000,0.180000,0.180000,-0.020000,0.000000,0.000000,0.086345,0.130094,0.174680,-0.013670,0.000340,0.000000,14.932,7.285
4.420637,0.140000,0.180000,0.220000,0.000000,0.000000,0.000000,0.091710,0.135085,0.179212,-0.012303,0.000306,0.000000,15.394,7.598
4.440666,0.060000,0.180000,0.180000,-0.020000,0.000000,0.000000,0.088539,0.139576,0.179291,-0.013073,0.000276,0.000000,15.402,7.925
4.460625,0.100000,0.140000,0.200000,-0.020000,0.000000,0.000000,0.089685,0.139619,0.181362,-0.013766,0.000248,0.000000,15.613,8.259
4.480600,0.060000,0.140000,0.220000,-0.020000,0.000000,0.000000,0.086717,0.139657,0.185226,-0.014389,0.000223,0.000000,16.007,8.593
4.500841,0.080000,0.020000,0.080000,0.000000,0.000000,0.000000,0.086045,0.127691,0.174703,-0.012950,0.000201,0.000000,14.934,8.935
4.520695,0.140000,0.120000,0.220000,-0.020000,0.000000,0.000000,0.091441,0.126922,0.179233,-0.013655,0.000181,0.000000,15.396,9.258
4.540707,0.080000,0.140000,0.320000,-0.020000,0.000000,0.000000,0.090297,0.128230,0.193310,-0.014290,0.000163,0.000000,16.832,9.611
4.560714,0.080000,0.060000,0.240000,0.000000,0.000000,0.000000,0.089267,0.121407,0.197979,-0.012861,0.000147,0.000000,17.308,9.952
4.580681,0.000000,0.000000,0.100000,0.000000,0.000000,0.000000,0.080340,0.109266,0.188181,-0.011575,0.000132,0.000000,16.309,10.231
4.600653,0.080000,0.020000,0.020000,0.000000,0.000000,0.000000,0.080306,0.100340,0.171363,-0.010417,0.000119,0.000000,14.594,10.482
4.620655,0.200000,0.120000,0.060000,0.000000,0.000000,0.000000,0.092276,0.102306,0.160226,-0.009375,0.000107,0.000000,13.458,10.692
4.640642,-0.080000,-0.020000,0.000000,0.000000,0.000000,0.000000,0.075048,0.090075,0.144204,-0.008438,0.000096,0.000000,11.824,10.868
4.660624,0.140000,0.240000,0.060000,-0.020000,0.000000,0.000000,0.081543,0.105068,0.135783,-0.009594,0.000087,0.000000,10.965,11.039
4.680618,0.080000,0.060000,0.080000,0.000000,0.000000,0.000000,0.081389,0.100561,0.130205,-0.008635,0.000078,0.000000,10.397,11.205
4.700612,0.200000,0.000000,0.200000,0.000000,0.000000,0.000000,0.093250,0.090505,0.137185,-0.007771,0.000070,0.000000,11.108,11.347
4.720599,0.080000,0.040000,0.100000,0.000000,0.000000,0.000000,0.091925,0.085454,0.133466,-0.006994,0.000063,0.000000,10.729,11.454
4.740589,0.100000,0.080000,0.000000,0.000000,0.000000,0.000000,0.092733,0.084909,0.120119,-0.006295,0.000057,0.000000,9.368,11.538
4.760563,0.020000,0.060000,0.100000,0.000000,0.000000,0.000000,0.085459,0.082418,0.118108,-0.005665,0.000051,0.000000,9.163,11.609
4.780676,0.160000,0.000000,0.020000,0.000000,0.000000,0.000000,0.092913,0.074176,0.108297,-0.005099,0.000046,0.000000,8.163,11.669
4.800666,0.280000,0.140000,0.000000,0.000000,0.020000,0.000000,0.111622,0.080759,0.097467,-0.004589,0.002041,0.000000,7.058,11.715
4.820707,0.200000,-0.080000,-0.100000,0.000000,0.000000,0.000000,0.120460,0.064683,0.077720,-0.004130,0.001837,0.000000,5.045,11.687
4.840661,0.100000,-0.120000,0.060000,0.000000,0.000000,0.000000,0.118414,0.046214,0.075948,-0.003717,0.001654,0.000000,4.864,11.650
4.860632,0.060000,0.080000,0.000000,0.000000,0.000000,0.000000,0.112572,0.049593,0.068354,-0.003345,0.001488,0.000000,4.090,11.616
4.880791,0.240000,0.080000,0.140000,0.000000,0.020000,0.000000,0.125315,0.052634,0.075518,-0.003011,0.003339,0.000000,4.820,11.602
4.900611,0.080000,0.120000,0.200000,0.000000,0.000000,0.000000,0.120784,0.059370,0.087966,-0.002710,0.003005,0.000000,6.089,11.614
4.920604,0.140000,0.080000,0.160000,0.000000,0.000000,0.000000,0.122705,0.061433,0.095170,-0.002439,0.002705,0.000000,6.824,11.625
4.940582,0.020000,-0.140000,-0.060000,0.000000,0.000000,0.000000,0.112435,0.041290,0.079653,-0.002195,0.002434,0.000000,5.242,11.582
4.960749,0.080000,0.000000,-0.060000,0.000000,0.000000,0.000000,0.109191,0.037161,0.065687,-0.001975,0.002191,0.000000,3.818,11.510
4.980591,0.140000,0.020000,0.060000,0.000000,0.000000,0.000000,0.112272,0.035445,0.065119,-0.001778,0.001972,0.000000,3.760,11.405
5.000571,0.180000,0.020000,-0.140000,0.000000,0.000000,0.000000,0.119045,0.033900,0.044607,-0.001600,0.001775,0.000000,1.668,11.261
5.020735,0.280000,-0.020000,0.180000,0.000000,0.020000,0.000000,0.135140,0.028510,0.058146,-0.001440,0.003597,0.000000,3.049,11.111
5.040684,0.100000,0.000000,0.000000,0.000000,0.000000,0.000000,0.131626,0.025659,0.052332,-0.001296,0.003237,0.000000,2.456,10.948
5.060671,0.120000,0.020000,0.000000,0.000000,0.000000,0.000000,0.130464,0.025093,0.047098,-0.001166,0.002914,0.000000,1.922,10.768
5.080648,0.080000,0.180000,0.120000,-0.020000,0.000000,0.000000,0.125417,0.040584,0.054389,-0.003050,0.002622,0.000000,2.666,10.586
5.100690,0.020000,0.020000,-0.100000,0.000000,0.000000,0.000000,0.114876,0.038526,0.038950,-0.002745,0.002360,0.000000,1.091,10.345
5.120644,0.000000,0.040000,-0.100000,0.000000,0.000000,0.000000,0.103388,0.038673,0.025055,-0.002470,0.002124,0.000000,-0.326,10.083
5.140798,0.040000,0.080000,0.160000,0.000000,0.000000,0.000000,0.097049,0.042806,0.038549,-0.002223,0.001912,0.000000,1.050,9.855
5.160612,0.080000,0.140000,0.080000,-0.020000,0.000000,0.000000,0.095344,0.052525,0.042694,-0.004001,0.001721,0.000000,1.473,9.663
5.180603,0.120000,0.120000,0.000000,-0.020000,0.000000,0.000000,0.097810,0.059273,0.038425,-0.005601,0.001548,0.000000,1.038,9.420
5.200608,0.000000,0.080000,0.000000,0.000000,0.000000,0.000000,0.088029,0.061345,0.034582,-0.005041,0.001394,0.000000,0.646,9.173
5.220717,0.100000,0.120000,0.020000,-0.020000,0.000000,0.000000,0.089226,0.067211,0.033124,-0.006537,0.001254,0.000000,0.497,8.938
5.240563,-0.060000,0.000000,0.060000,0.000000,0.000000,0.000000,0.074303,0.060490,0.035812,-0.005883,0.001129,0.000000,0.771,8.674
5.260686,0.000000,0.000000,0.020000,0.000000,0.000000,0.000000,0.066873,0.054441,0.034231,-0.005295,0.001016,0.000000,0.610,8.453
5.280659,0.040000,0.040000,-0.020000,0.000000,0.000000,0.000000,0.064186,0.052997,0.028808,-0.004765,0.000914,0.000000,0.057,8.184
5.300660,0.100000,-0.040000,0.100000,0.000000,0.000000,0.000000,0.067767,0.043697,0.035927,-0.004289,0.000823,0.000000,0.783,7.926
5.320665,0.100000,0.000000,0.260000,0.000000,0.000000,0.000000,0.070990,0.039327,0.058334,-0.003860,0.000741,0.000000,3.068,7.698
5.340638,-0.040000,0.140000,-0.100000,0.000000,0.000000,0.000000,0.059891,0.049395,0.042501,-0.003474,0.000667,0.000000,1.453,7.431
5.360613,0.140000,0.260000,0.060000,-0.020000,0.000000,0.000000,0.067902,0.070455,0.044251,-0.005126,0.000600,0.000000,1.632,7.200
5.380611,0.080000,0.120000,0.220000,0.000000,0.000000,0.000000,0.069112,0.075410,0.061826,-0.004614,0.000540,0.000000,3.424,6.971
5.400606,0.080000,0.120000,0.040000,0.000000,0.000000,0.000000,0.070201,0.079869,0.059643,-0.004152,0.000486,0.000000,3.201,6.736
5.420627,0.080000,0.120000,0.140000,0.000000,0.000000,0.000000,0.071181,0.083882,0.067679,-0.003737,0.000437,0.000000,4.021,6.509
5.440570,0.060000,0.000000,0.240000,0.000000,0.000000,0.000000,0.070063,0.075494,0.084911,-0.003363,0.000394,0.000000,5.778,6.316
5.460614,0.120000,0.000000,0.160000,0.000000,0.000000,0.000000,0.075056,0.067944,0.092420,-0.003027,0.000354,0.000000,6.544,6.135
5.480714,0.120000,0.060000,-0.020000,0.000000,0.000000,0.000000,0.079551,0.067150,0.081178,-0.002724,0.000319,0.000000,5.397,5.922
5.500688,-0.060000,-0.040000,0.000000,0.000000,0.000000,0.000000,0.065596,0.056435,0.073060,-0.002452,0.000287,0.000000,4.569,5.715
5.520670,0.060000,-0.040000,-0.100000,-0.020000,0.000000,0.000000,0.065036,0.046791,0.055754,-0.004207,0.000258,0.000000,2.805,5.463
5.540661,0.000000,0.100000,0.120000,0.000000,0.000000,0.000000,0.058533,0.052112,0.062179,-0.003786,0.000232,0.000000,3.460,5.196
5.560644,-0.020000,0.120000,-0.080000,0.000000,0.000000,0.000000,0.050679,0.058901,0.047961,-0.003407,0.000209,0.000000,2.010,4.890
5.580626,0.120000,-0.040000,-0.020000,0.000000,0.000000,0.000000,0.057611,0.049011,0.041165,-0.003067,0.000188,0.000000,1.317,4.590
5.600508,0.060000,0.180000,0.140000,-0.020000,0.000000,0.000000,0.057850,0.062110,0.051048,-0.004760,0.000169,0.000000,2.325,4.345
5.620623,0.060000,0.020000,0.060000,0.000000,0.000000,0.000000,0.058065,0.057899,0.051943,-0.004284,0.000152,0.000000,2.416,4.124
5.640604,0.060000,0.000000,0.060000,0.000000,0.000000,0.000000,0.058259,0.052109,0.052749,-0.003856,0.000137,0.000000,2.498,3.937
5.660604,0.160000,0.000000,0.060000,0.000000,0.000000,0.000000,0.068433,0.046898,0.053474,-0.003470,0.000124,0.000000,2.572,3.770
5.680562,0.080000,0.180000,-0.060000,0.000000,0.000000,0.000000,0.069590,0.060208,0.042127,-0.003123,0.000111,0.000000,1.415,3.590
5.700691,0.100000,0.120000,-0.080000,-0.020000,0.000000,0.000000,0.072631,0.066187,0.029914,-0.004811,0.000100,0.000000,0.170,3.371
5.720687,0.080000,0.080000,-0.280000,0.000000,0.000000,0.000000,0.073368,0.067569,-0.001077,-0.004330,0.000090,0.000000,-2.990,3.097
5.740553,0.160000,0.200000,0.040000,0.000000,0.000000,0.000000,0.082031,0.080812,0.003030,-0.003897,0.000081,0.000000,-2.572,2.858
5.760666,0.240000,0.180000,-0.080000,0.000000,0.000000,0.000000,0.097828,0.090731,-0.005273,-0.003507,0.000073,0.000000,-3.418,2.606
5.780645,0.160000,0.020000,-0.020000,0.000000,0.000000,0.000000,0.104045,0.083658,-0.006745,-0.003156,0.000066,0.000000,-3.568,2.372
5.800676,0.080000,0.040000,0.060000,0.000000,0.000000,0.000000,0.101640,0.079292,-0.000071,-0.002841,0.000059,0.000000,-2.888,2.173
5.820674,0.100000,0.120000,0.000000,0.000000,0.000000,0.000000,0.101476,0.083363,-0.000064,-0.002557,0.000053,0.000000,-2.887,2.014
5.840653,0.080000,0.020000,0.080000,0.000000,0.000000,0.000000,0.099329,0.077026,0.007943,-0.002301,0.000048,0.000000,-2.071,1.875
5.860642,0.080000,0.100000,-0.020000,0.000000,0.000000,0.000000,0.097396,0.079324,0.005148,-0.002071,0.000043,0.000000,-2.356,1.747
5.880583,0.020000,0.080000,0.020000,0.000000,0.000000,0.000000,0.089656,0.079391,0.006634,-0.001864,0.000039,0.000000,-2.204,1.606
5.900729,0.120000,-0.020000,-0.020000,0.000000,0.000000,0.000000,0.092691,0.069452,0.003970,-0.001677,0.000035,0.000000,-2.476,1.435
5.920601,0.160000,-0.040000,0.160000,0.000000,0.000000,0.000000,0.099422,0.058507,0.019573,-0.001510,0.000031,0.000000,-0.885,1.281
5.940576,0.020000,0.040000,0.180000,0.000000,0.000000,0.000000,0.091479,0.056656,0.035616,-0.001359,0.000028,0.000000,0.751,1.191
5.960556,0.040000,0.180000,0.100000,-0.020000,0.000000,0.000000,0.086331,0.068991,0.042054,-0.003223,0.000025,0.000000,1.408,1.143
5.980779,-0.040000,0.120000,0.080000,-0.020000,0.000000,0.000000,0.073698,0.074092,0.045849,-0.004901,0.000023,0.000000,1.795,1.103
6.000654,0.100000,0.000000,0.300000,0.000000,0.000000,0.000000,0.076329,0.066682,0.071264,-0.004410,0.000021,0.000000,4.386,1.158
6.020649,0.140000,0.040000,0.060000,0.000000,0.000000,0.000000,0.082696,0.064014,0.070138,-0.003969,0.000019,0.000000,4.271,1.182
6.040642,0.020000,0.080000,-0.060000,0.000000,0.000000,0.000000,0.076426,0.065613,0.057124,-0.003573,0.000017,0.000000,2.944,1.192
6.060614,0.160000,0.080000,0.060000,0.000000,0.000000,0.000000,0.084783,0.067052,0.057411,-0.003215,0.000015,0.000000,2.974,1.213
6.080629,0.140000,0.160000,0.000000,-0.020000,0.000000,0.000000,0.090305,0.076346,0.051670,-0.004894,0.000014,0.000000,2.388,1.207
6.100613,0.000000,0.040000,-0.160000,0.000000,0.000000,0.000000,0.081275,0.072712,0.030503,-0.004404,0.000012,0.000000,0.230,1.190
6.120621,0.100000,-0.040000,0.080000,0.000000,0.000000,0.000000,0.083147,0.061441,0.035453,-0.003964,0.000011,0.000000,0.735,1.211
6.140576,0.020000,-0.040000,0.000000,0.000000,0.000000,0.000000,0.076832,0.051296,0.031908,-0.003568,0.000010,0.000000,0.373,1.198
6.160710,0.060000,0.000000,0.040000,0.000000,0.000000,0.000000,0.075149,0.046167,0.032717,-0.003211,0.000009,0.000000,0.456,1.177
6.180569,0.140000,0.000000,0.260000,0.000000,0.000000,0.000000,0.081634,0.041550,0.055445,-0.002890,0.000008,0.000000,2.773,1.212
6.200547,0.200000,0.120000,-0.020000,0.000000,0.000000,0.000000,0.093471,0.049395,0.047901,-0.002601,0.000007,0.000000,2.004,1.239
6.220674,0.140000,-0.020000,-0.160000,0.000000,0.000000,0.000000,0.098124,0.042456,0.027111,-0.002341,0.000006,0.000000,-0.116,1.227
6.240654,0.100000,-0.120000,0.280000,0.000000,0.000000,0.000000,0.098311,0.026210,0.052400,-0.002107,0.000006,0.000000,2.463,1.261
6.260649,0.060000,0.040000,0.060000,0.000000,0.000000,0.000000,0.094480,0.027589,0.053160,-0.001896,0.000005,0.000000,2.540,1.300
6.280643,0.060000,0.000000,-0.120000,0.000000,0.000000,0.000000,0.091032,0.024830,0.035844,-0.001706,0.000005,0.000000,0.774,1.314
6.300625,0.060000,0.080000,0.140000,0.000000,0.000000,0.000000,0.087929,0.030347,0.046259,-0.001536,0.000004,0.000000,1.837,1.335
6.320624,0.140000,-0.040000,0.120000,0.000000,0.000000,0.000000,0.093136,0.023312,0.053633,-0.001382,0.000004,0.000000,2.588,1.325
6.340601,0.060000,0.080000,-0.040000,0.000000,0.000000,0.000000,0.089822,0.028981,0.044270,-0.001244,0.000003,0.000000,1.634,1.329
6.360593,0.040000,0.060000,-0.020000,0.000000,0.000000,0.000000,0.084840,0.032083,0.037843,-0.001120,0.000003,0.000000,0.978,1.316
6.380581,0.220000,0.060000,0.180000,0.000000,0.020000,0.000000,0.098356,0.034875,0.052059,-0.001008,0.002003,0.000000,2.428,1.296
6.400575,0.040000,0.080000,0.040000,-0.020000,0.000000,0.000000,0.092521,0.039387,0.050853,-0.002907,0.001803,0.000000,2.305,1.278
6.420562,-0.020000,0.020000,0.000000,0.000000,0.000000,0.000000,0.081269,0.037449,0.045768,-0.002616,0.001622,0.000000,1.786,1.233
6.440682,-0.020000,0.180000,0.120000,-0.020000,0.000000,0.000000,0.071142,0.051704,0.053191,-0.004355,0.001460,0.000000,2.543,1.169
6.460665,0.140000,0.060000,0.160000,0.000000,0.000000,0.000000,0.078028,0.052533,0.063872,-0.003919,0.001314,0.000000,3.633,1.110
6.480669,0.020000,-0.080000,0.320000,0.000000,0.000000,0.000000,0.072225,0.039280,0.089485,-0.003527,0.001183,0.000000,6.244,1.127
6.500677,0.000000,0.060000,0.200000,0.000000,0.000000,0.000000,0.065002,0.041352,0.100536,-0.003174,0.001064,0.000000,7.371,1.183
6.520636,0.060000,0.180000,-0.080000,-0.020000,0.000000,0.000000,0.064502,0.055217,0.082482,-0.004857,0.000958,0.000000,5.530,1.238
6.540632,0.020000,0.140000,0.060000,0.000000,0.000000,0.000000,0.060052,0.063695,0.080234,-0.004371,0.000862,0.000000,5.301,1.275
6.560627,-0.020000,0.000000,0.140000,0.000000,0.000000,0.000000,0.052047,0.057326,0.086211,-0.003934,0.000776,0.000000,5.910,1.353
6.580609,0.000000,0.140000,0.060000,-0.020000,0.000000,0.000000,0.046842,0.065593,0.083590,-0.005541,0.000698,0.000000,5.643,1.439
6.600581,0.120000,0.100000,0.120000,0.000000,0.000000,0.000000,0.054158,0.069034,0.087231,-0.004987,0.000628,0.000000,6.014,1.513
6.620718,0.100000,0.040000,0.180000,0.000000,0.000000,0.000000,0.058742,0.066130,0.096508,-0.004488,0.000566,0.000000,6.960,1.604
6.640719,0.080000,0.000000,-0.160000,0.000000,0.000000,0.000000,0.060868,0.059517,0.070857,-0.004039,0.000509,0.000000,4.345,1.641
6.660693,0.080000,0.100000,-0.240000,0.000000,0.000000,0.000000,0.062781,0.063566,0.039771,-0.003635,0.000458,0.000000,1.175,1.613
6.680684,0.120000,0.100000,0.120000,0.000000,0.000000,0.000000,0.068503,0.067209,0.047794,-0.003272,0.000412,0.000000,1.993,1.625
6.700683,-0.060000,0.000000,-0.040000,0.000000,0.000000,0.000000,0.055653,0.060488,0.039015,-0.002945,0.000371,0.000000,1.098,1.643
6.720656,0.080000,0.120000,0.020000,0.000000,0.000000,0.000000,0.058087,0.066439,0.037113,-0.002650,0.000334,0.000000,0.904,1.721
6.740704,0.140000,0.000000,0.220000,0.000000,0.000000,0.000000,0.066279,0.059795,0.055402,-0.002385,0.000301,0.000000,2.769,1.828
6.760787,0.080000,0.060000,-0.180000,0.000000,0.000000,0.000000,0.067651,0.059816,0.031862,-0.002147,0.000271,0.000000,0.368,1.903
6.780637,0.000000,0.040000,0.040000,0.000000,0.000000,0.000000,0.060886,0.057834,0.032676,-0.001932,0.000243,0.000000,0.451,1.984
6.800622,0.000000,0.060000,-0.060000,0.000000,0.000000,0.000000,0.054797,0.058051,0.023408,-0.001739,0.000219,0.000000,-0.494,2.032
6.820599,0.240000,-0.060000,0.140000,0.000000,0.020000,0.000000,0.073317,0.046246,0.035067,-0.001565,0.002197,0.000000,0.695,2.103
6.840585,0.200000,0.160000,-0.020000,-0.020000,0.000000,0.000000,0.085986,0.057621,0.029560,-0.003408,0.001978,0.000000,0.134,2.148
6.860727,0.080000,0.140000,0.000000,-0.020000,0.000000,0.000000,0.085387,0.065859,0.026604,-0.005068,0.001780,0.000000,-0.168,2.191
6.880564,0.200000,0.000000,0.080000,0.000000,0.000000,0.000000,0.096848,0.059273,0.031944,-0.004561,0.001602,0.000000,0.377,2.243
6.900692,0.040000,-0.080000,0.000000,0.000000,0.000000,0.000000,0.091164,0.045346,0.028750,-0.004105,0.001442,0.000000,0.051,2.293
6.920657,0.100000,0.100000,0.120000,0.000000,0.000000,0.000000,0.092047,0.050811,0.037875,-0.003694,0.001297,0.000000,0.982,2.331
6.940655,0.100000,0.040000,0.140000,0.000000,0.000000,0.000000,0.092842,0.049730,0.048087,-0.003325,0.001168,0.000000,2.023,2.356
6.960630,0.100000,0.040000,-0.020000,0.000000,0.000000,0.000000,0.093558,0.048757,0.041278,-0.002992,0.001051,0.000000,1.329,2.355
6.980641,0.120000,0.140000,-0.020000,0.000000,0.000000,0.000000,0.096202,0.057881,0.035151,-0.002693,0.000946,0.000000,0.704,2.333
7.000638,0.140000,0.180000,0.000000,-0.020000,0.000000,0.000000,0.100582,0.070093,0.031636,-0.004424,0.000851,0.000000,0.345,2.252
7.020617,0.140000,0.180000,0.000000,0.000000,0.000000,0.000000,0.104524,0.081084,0.028472,-0.003981,0.000766,0.000000,0.023,2.167
7.040606,0.200000,0.020000,0.160000,0.000000,0.000000,0.000000,0.114072,0.074976,0.041625,-0.003583,0.000690,0.000000,1.364,2.135
7.060601,0.120000,0.080000,0.020000,0.000000,0.000000,0.000000,0.114664,0.075478,0.039462,-0.003225,0.000621,0.000000,1.143,2.099
7.080583,0.160000,0.180000,0.100000,-0.020000,0.000000,0.000000,0.119198,0.085930,0.045516,-0.004902,0.000559,0.000000,1.761,2.086
7.100569,0.180000,0.000000,0.200000,0.000000,0.000000,0.000000,0.125278,0.077337,0.060964,-0.004412,0.000503,0.000000,3.336,2.148
7.120572,0.060000,0.060000,0.000000,0.000000,0.000000,0.000000,0.118750,0.075603,0.054868,-0.003971,0.000452,0.000000,2.714,2.188
7.140685,0.100000,-0.080000,-0.040000,0.000000,0.000000,0.000000,0.116875,0.060043,0.045381,-0.003574,0.000407,0.000000,1.747,2.215
7.160663,0.040000,-0.040000,0.140000,0.000000,0.000000,0.000000,0.109188,0.050039,0.054843,-0.003216,0.000366,0.000000,2.712,2.261
7.180652,0.080000,-0.100000,0.160000,0.000000,0.000000,0.000000,0.106269,0.035035,0.065359,-0.002895,0.000330,0.000000,3.784,2.281
7.200656,0.100000,0.060000,0.100000,0.000000,0.000000,0.000000,0.105642,0.037531,0.068823,-0.002605,0.000297,0.000000,4.137,2.323
7.220623,0.200000,-0.040000,-0.020000,0.000000,0.000000,0.000000,0.115078,0.029778,0.059941,-0.002345,0.000267,0.000000,3.232,2.390
7.240626,0.060000,0.120000,0.080000,-0.020000,0.000000,0.000000,0.109570,0.038800,0.061947,-0.004110,0.000240,0.000000,3.436,2.410
7.260628,0.160000,0.040000,0.120000,0.000000,0.000000,0.000000,0.114613,0.038920,0.067752,-0.003699,0.000216,0.000000,4.028,2.440
7.280605,0.160000,0.080000,0.300000,0.000000,0.000000,0.000000,0.119152,0.043028,0.090977,-0.003329,0.000195,0.000000,6.396,2.552
7.300601,0.200000,0.100000,0.460000,0.000000,0.000000,0.000000,0.127237,0.048726,0.127879,-0.002996,0.000175,0.000000,10.159,2.719
7.320584,0.100000,0.020000,0.060000,0.000000,0.000000,0.000000,0.124513,0.045853,0.121091,-0.002697,0.000158,0.000000,9.467,2.856
7.340560,0.080000,0.020000,0.220000,0.000000,0.000000,0.000000,0.120062,0.043268,0.130982,-0.002427,0.000142,0.000000,10.476,3.033
7.360567,0.160000,0.180000,0.480000,-0.020000,0.000000,0.000000,0.124055,0.056941,0.165884,-0.004184,0.000128,0.000000,14.035,3.294
7.380700,0.240000,0.060000,0.260000,0.000000,0.020000,0.000000,0.135650,0.057247,0.175295,-0.003766,0.002115,0.000000,14.995,3.545
7.400664,0.280000,0.060000,0.340000,0.000000,0.000000,0.000000,0.150085,0.057522,0.191766,-0.003389,0.001903,0.000000,16.674,3.833
7.420643,0.160000,0.140000,0.220000,0.000000,0.000000,0.000000,0.151076,0.065770,0.194589,-0.003050,0.001713,0.000000,16.962,4.136
7.440648,0.080000,0.060000,0.240000,0.000000,0.000000,0.000000,0.143969,0.065193,0.199130,-0.002745,0.001542,0.000000,17.425,4.434
7.460641,0.180000,0.060000,0.260000,0.000000,0.000000,0.000000,0.147572,0.064674,0.205217,-0.002471,0.001388,0.000000,18.046,4.722
7.480605,0.240000,0.120000,0.300000,0.000000,0.000000,0.000000,0.156815,0.070206,0.214696,-0.002224,0.001249,0.000000,19.012,4.978
7.500604,0.180000,0.060000,0.340000,0.000000,0.000000,0.000000,0.159133,0.069186,0.227226,-0.002001,0.001124,0.000000,20.290,5.236
7.520631,0.140000,0.140000,0.340000,0.000000,0.000000,0.000000,0.157220,0.076267,0.238503,-0.001801,0.001012,0.000000,21.440,5.554
7.540595,0.240000,0.180000,0.260000,-0.020000,0.020000,0.000000,0.165498,0.086640,0.240653,-0.003621,0.002910,0.000000,21.659,5.881
7.560579,0.240000,0.120000,0.360000,0.000000,0.020000,0.000000,0.172948,0.089976,0.252588,-0.003259,0.004619,0.000000,22.876,6.221
7.580687,0.140000,0.160000,0.340000,-0.020000,0.000000,0.000000,0.169653,0.096979,0.261329,-0.004933,0.004157,0.000000,23.768,6.583
7.600561,0.140000,0.000000,0.560000,0.000000,0.000000,0.000000,0.166688,0.087281,0.291196,-0.004440,0.003742,0.000000,26.813,6.999
7.620679,0.140000,0.000000,0.380000,0.000000,0.000000,0.000000,0.164019,0.078553,0.300076,-0.003996,0.003368,0.000000,27.719,7.414
7.640652,0.240000,0.100000,0.620000,0.000000,0.000000,0.000000,0.171617,0.080697,0.332069,-0.003596,0.003031,0.000000,30.981,
7.660657,0.340000,0.180000,0.180000,-0.020000,0.020000,0.000000,0.188456,0.090628,0.316862,-0.005237,0.004728,0.000000,29.430,
7.680651,0.140000,0.140000,0.460000,-0.020000,0.000000,0.000000,0.183610,0.095565,0.331176,-0.006713,0.004255,0.000000,30.890,
7.700627,0.420000,0.220000,0.460000,-0.020000,0.020000,0.000000,0.207249,0.108008,0.344058,-0.008042,0.005829,0.000000,32.204,
7.720642,0.120000,0.180000,0.320000,-0.020000,0.000000,0.000000,0.198524,0.115208,0.341652,-0.009237,0.005246,0.000000,31.958,
7.740612,0.040000,0.040000,0.260000,0.000000,0.000000,0.000000,0.182672,0.107687,0.333487,-0.008314,0.004722,0.000000,31.126,
7.760592,0.120000,0.260000,0.340000,-0.020000,0.000000,0.000000,0.176405,0.122918,0.334138,-0.009482,0.004250,0.000000,31.192,
7.780587,0.240000,0.000000,0.560000,0.000000,0.000000,0.000000,0.182764,0.110626,0.356725,-0.008534,0.003825,0.000000,33.495,
7.800711,0.260000,0.160000,0.340000,0.000000,0.020000,0.000000,0.190488,0.115564,0.355052,-0.007681,0.005442,0.000000,33.325,
7.820704,0.300000,0.240000,0.180000,-0.020000,0.020000,0.000000,0.201439,0.128007,0.337547,-0.008913,0.006898,0.000000,31.540,
7.840538,0.120000,0.140000,0.160000,-0.020000,0.000000,0.000000,0.193295,0.129207,0.319792,-0.010021,0.006208,0.000000,29.729,
7.860677,0.160000,0.120000,0.260000,0.000000,0.000000,0.000000,0.189966,0.128286,0.313813,-0.009019,0.005587,0.000000,29.119,
7.880656,0.240000,0.000000,0.340000,0.000000,0.000000,0.000000,0.194969,0.115457,0.316432,-0.008117,0.005029,0.000000,29.386,
7.900662,0.020000,0.060000,0.380000,0.000000,0.000000,0.000000,0.177472,0.109912,0.322789,-0.007306,0.004526,0.000000,30.035,
7.920642,0.080000,0.220000,0.280000,-0.020000,0.000000,0.000000,0.167725,0.120920,0.318510,-0.008575,0.004073,0.000000,29.598,
7.940631,0.300000,0.060000,0.460000,0.000000,0.020000,0.000000,0.180952,0.114828,0.332659,-0.007718,0.005666,0.000000,31.041,
7.960640,0.280000,0.120000,0.240000,0.000000,0.020000,0.000000,0.190857,0.115346,0.323393,-0.006946,0.007099,0.000000,30.096,
7.980626,0.320000,0.140000,0.340000,0.000000,0.020000,0.000000,0.203771,0.117811,0.325054,-0.006251,0.008389,0.000000,30.266,
8.000605,0.100000,0.020000,0.320000,0.000000,0.000000,0.000000,0.193394,0.108030,0.324548,-0.005626,0.007550,0.000000,30.214,
8.020754,0.160000,0.100000,0.180000,0.000000,0.000000,0.000000,0.190055,0.107227,0.310093,-0.005063,0.006795,0.000000,28.740,
8.040791,0.180000,0.180000,0.360000,-0.020000,0.000000,0.000000,0.189049,0.114504,0.315084,-0.006557,0.006116,0.000000,29.249,
8.060700,0.160000,0.060000,0.240000,0.000000,0.000000,0.000000,0.186144,0.109054,0.307576,-0.005901,0.005504,0.000000,28.483,
8.080684,0.240000,0.180000,0.240000,-0.020000,0.000000,0.000000,0.191530,0.116148,0.300818,-0.007311,0.004954,0.000000,27.794,
8.100669,0.180000,0.140000,0.280000,-0.020000,0.000000,0.000000,0.190377,0.118534,0.298736,-0.008580,0.004458,0.000000,27.582,
8.120668,0.160000,0.240000,0.440000,-0.020000,0.000000,0.000000,0.187339,0.130680,0.312863,-0.009722,0.004013,0.000000,29.023,
8.140657,0.000000,0.000000,0.280000,0.000000,0.000000,0.000000,0.168605,0.117612,0.309576,-0.008750,0.003611,0.000000,28.687,
8.160648,0.140000,0.020000,0.360000,0.000000,0.000000,0.000000,0.165745,0.107851,0.314619,-0.007875,0.003250,0.000000,29.202,
8.180628,0.120000,0.140000,0.360000,0.000000,0.000000,0.000000,0.161170,0.111066,0.319157,-0.007087,0.002925,0.000000,29.664,
8.200611,0.080000,0.060000,0.400000,0.000000,0.000000,0.000000,0.153053,0.105959,0.327241,-0.006379,0.002633,0.000000,30.489,
8.220591,0.220000,0.120000,0.200000,0.000000,0.000000,0.000000,0.159748,0.107363,0.314517,-0.005741,0.002369,0.000000,29.191,
8.240582,0.240000,0.000000,0.200000,0.000000,0.000000,0.000000,0.167773,0.096627,0.303065,-0.005167,0.002132,0.000000,28.023,25.080
8.260592,0.160000,0.060000,0.320000,0.000000,0.000000,0.000000,0.166996,0.092964,0.304759,-0.004650,0.001919,0.000000,28.196,25.563
8.280697,0.160000,0.200000,0.360000,-0.020000,0.000000,0.000000,0.166296,0.103668,0.310283,-0.006185,0.001727,0.000000,28.759,26.011
8.300564,0.080000,0.060000,0.200000,0.000000,0.000000,0.000000,0.157667,0.099301,0.299255,-0.005567,0.001555,0.000000,27.635,26.360
8.320419,0.200000,0.200000,0.420000,-0.020000,0.000000,0.000000,0.161900,0.109371,0.311329,-0.007010,0.001399,0.000000,28.866,26.748
8.340659,0.040000,0.200000,0.200000,-0.020000,0.000000,0.000000,0.149710,0.118434,0.300196,-0.008309,0.001259,0.000000,27.731,27.093
8.360657,0.300000,0.000000,0.360000,0.000000,0.020000,0.000000,0.164739,0.106591,0.306177,-0.007478,0.003133,0.000000,28.341,27.379
8.380639,0.220000,0.240000,0.280000,-0.020000,0.000000,0.000000,0.170265,0.119931,0.303559,-0.008730,0.002820,0.000000,28.074,27.641
8.400656,0.180000,0.200000,0.260000,-0.020000,0.000000,0.000000,0.171239,0.127938,0.299203,-0.009857,0.002538,0.000000,27.630,27.860
8.420630,0.180000,0.220000,0.160000,-0.020000,0.000000,0.000000,0.172115,0.137144,0.285283,-0.010871,0.002284,0.000000,26.210,28.045
8.440601,0.160000,0.040000,0.420000,0.000000,0.000000,0.000000,0.170903,0.127430,0.298754,-0.009784,0.002056,0.000000,27.584,28.248
8.460605,0.080000,0.080000,0.340000,0.000000,0.000000,0.000000,0.161813,0.122687,0.302879,-0.008806,0.001850,0.000000,28.004,28.447
8.480581,0.100000,0.100000,0.140000,0.000000,0.000000,0.000000,0.155632,0.120418,0.286591,-0.007925,0.001665,0.000000,26.344,28.594
8.500578,0.300000,0.180000,0.060000,-0.020000,0.020000,0.000000,0.170068,0.126376,0.263932,-0.009133,0.003499,0.000000,24.033,28.669
8.520570,0.180000,0.220000,0.420000,-0.020000,0.000000,0.000000,0.171062,0.135739,0.279539,-0.010219,0.003149,0.000000,25.624,28.752
8.540583,0.180000,0.160000,0.440000,0.000000,0.000000,0.000000,0.171955,0.138165,0.295585,-0.009198,0.002834,0.000000,27.261,28.864
8.560681,0.100000,0.080000,0.180000,0.000000,0.000000,0.000000,0.164760,0.132348,0.284026,-0.008278,0.002551,0.000000,26.082,28.929
8.580657,0.360000,0.160000,0.240000,0.000000,0.020000,0.000000,0.184284,0.135114,0.279624,-0.007450,0.004295,0.000000,25.633,28.966
8.600647,0.100000,0.040000,0.620000,0.000000,0.000000,0.000000,0.175856,0.125602,0.313661,-0.006705,0.003866,0.000000,29.104,29.012
8.620717,0.180000,0.080000,0.440000,0.000000,0.000000,0.000000,0.176270,0.121042,0.326295,-0.006035,0.003479,0.000000,30.392,29.065
8.640639,0.240000,0.100000,0.300000,0.000000,0.000000,0.000000,0.182643,0.118938,0.323666,-0.005431,0.003131,0.000000,30.124,29.048
8.660631,0.300000,0.160000,0.180000,-0.020000,0.020000,0.000000,0.194379,0.123044,0.309299,-0.006888,0.004818,0.000000,28.659,29.033
8.680764,0.200000,0.020000,0.260000,0.000000,0.000000,0.000000,0.194941,0.112740,0.304369,-0.006199,0.004336,0.000000,28.156,28.978
8.700605,0.220000,0.040000,0.340000,0.000000,0.000000,0.000000,0.197447,0.105466,0.307932,-0.005579,0.003903,0.000000,28.520,28.904
8.720594,0.240000,0.140000,0.280000,-0.020000,0.000000,0.000000,0.201702,0.108919,0.305139,-0.007021,0.003513,0.000000,28.235,28.830
8.740579,0.080000,0.240000,0.100000,-0.020000,0.000000,0.000000,0.189532,0.122027,0.284625,-0.008319,0.003161,0.000000,26.143,28.730
8.760699,0.060000,0.160000,0.300000,-0.020000,0.000000,0.000000,0.176579,0.125824,0.286163,-0.009487,0.002845,0.000000,26.300,28.632
8.780683,0.180000,0.100000,0.360000,0.000000,0.000000,0.000000,0.176921,0.123242,0.293546,-0.008539,0.002561,0.000000,27.053,28.503
8.800667,0.160000,0.020000,0.320000,0.000000,0.000000,0.000000,0.175229,0.112918,0.296192,-0.007685,0.002305,0.000000,27.323,28.383
8.820647,0.020000,0.020000,0.440000,0.000000,0.000000,0.000000,0.159706,0.103626,0.310573,-0.006916,0.002074,0.000000,28.789,28.328
8.840643,0.120000,0.100000,0.140000,-0.020000,0.000000,0.000000,0.155735,0.103263,0.293515,-0.008225,0.001867,0.000000,27.050,28.275
8.860642,0.100000,0.160000,0.000000,-0.020000,0.000000,0.000000,0.150162,0.108937,0.264164,-0.009402,0.001680,0.000000,24.057,28.174
8.880630,0.120000,0.020000,0.140000,0.000000,0.000000,0.000000,0.147146,0.100043,0.251747,-0.008462,0.001512,0.000000,22.791,28.042
8.900737,0.020000,0.000000,0.260000,0.000000,0.000000,0.000000,0.134431,0.090039,0.252573,-0.007616,0.001361,0.000000,22.875,27.898
8.920603,0.000000,-0.020000,0.180000,0.000000,0.000000,0.000000,0.120988,0.079035,0.245315,-0.006854,0.001225,0.000000,22.135,27.749
8.940590,0.040000,0.020000,0.000000,0.000000,0.000000,0.000000,0.112889,0.073132,0.220784,-0.006169,0.001102,0.000000,19.633,27.521
8.960579,0.100000,0.040000,0.220000,0.000000,0.000000,0.000000,0.111600,0.069818,0.220705,-0.005552,0.000992,0.000000,19.625,27.312
8.980566,0.180000,0.080000,0.420000,0.000000,0.000000,0.000000,0.118440,0.070837,0.240635,-0.004997,0.000893,0.000000,21.657,27.139
9.000690,0.060000,0.040000,0.100000,0.000000,0.000000,0.000000,0.112596,0.067753,0.226571,-0.004497,0.000804,0.000000,20.223,26.940
9.020662,0.020000,0.100000,0.080000,0.000000,0.000000,0.000000,0.103337,0.070978,0.211914,-0.004047,0.000723,0.000000,18.729,26.739
9.040536,0.040000,0.060000,0.060000,0.000000,0.000000,0.000000,0.097003,0.069880,0.196723,-0.003643,0.000651,0.000000,17.180,26.498
9.060667,0.100000,0.020000,0.140000,0.000000,0.000000,0.000000,0.097303,0.064892,0.191051,-0.003278,0.000586,0.000000,16.601,26.260
9.080643,0.200000,0.120000,0.300000,0.000000,0.000000,0.000000,0.107572,0.070403,0.201946,-0.002950,0.000527,0.000000,17.712,26.059
9.100632,0.100000,0.240000,0.020000,-0.020000,0.000000,0.000000,0.106815,0.087362,0.183751,-0.004655,0.000474,0.000000,15.857,25.824
9.120633,0.240000,0.060000,0.340000,0.000000,0.020000,0.000000,0.120134,0.084626,0.199376,-0.004190,0.002427,0.000000,17.450,25.593
9.140621,0.140000,-0.020000,0.200000,0.000000,0.000000,0.000000,0.122120,0.074164,0.199438,-0.003771,0.002184,0.000000,17.456,25.368
9.160610,0.020000,0.080000,0.240000,0.000000,0.000000,0.000000,0.111908,0.074747,0.203494,-0.003394,0.001966,0.000000,17.870,25.141
9.180607,0.000000,0.120000,-0.060000,0.000000,0.000000,0.000000,0.100717,0.079272,0.177145,-0.003054,0.001769,0.000000,15.183,24.852
9.200715,0.160000,0.000000,0.060000,0.000000,0.000000,0.000000,0.106646,0.071345,0.165431,-0.002749,0.001592,0.000000,13.989,24.522
9.220552,0.040000,0.020000,0.380000,0.000000,0.000000,0.000000,0.099981,0.066211,0.186887,-0.002474,0.001433,0.000000,16.177,24.262
9.240571,0.160000,0.120000,0.220000,-0.020000,0.000000,0.000000,0.105983,0.071590,0.190199,-0.004227,0.001290,0.000000,16.514,24.031
9.260705,0.100000,0.180000,0.000000,-0.020000,0.000000,0.000000,0.105385,0.082431,0.171179,-0.005804,0.001161,0.000000,14.575,23.759
9.280665,0.140000,0.060000,0.060000,0.000000,0.000000,0.000000,0.108846,0.080188,0.160061,-0.005224,0.001045,0.000000,13.441,23.453
9.300646,0.100000,0.120000,0.160000,0.000000,0.000000,0.000000,0.107962,0.084169,0.160055,-0.004701,0.000940,0.000000,13.440,23.169
9.320645,0.060000,0.000000,0.180000,0.000000,0.000000,0.000000,0.103165,0.075752,0.162049,-0.004231,0.000846,0.000000,13.644,22.864
9.340626,0.000000,0.000000,0.200000,0.000000,0.000000,0.000000,0.092849,0.068177,0.165844,-0.003808,0.000762,0.000000,14.031,22.590
9.360619,0.020000,0.080000,0.300000,0.000000,0.000000,0.000000,0.085564,0.069359,0.179260,-0.003427,0.000685,0.000000,15.399,22.331
9.380612,0.100000,-0.020000,0.280000,0.000000,0.000000,0.000000,0.087008,0.060423,0.189334,-0.003084,0.000617,0.000000,16.426,22.098
9.400600,0.140000,0.060000,0.060000,0.000000,0.000000,0.000000,0.092307,0.060381,0.176401,-0.002776,0.000555,0.000000,15.107,21.848
9.420580,0.100000,0.000000,0.060000,0.000000,0.000000,0.000000,0.093076,0.054343,0.164761,-0.002498,0.000500,0.000000,13.920,21.602
9.440573,0.180000,0.080000,0.320000,0.000000,0.000000,0.000000,0.101769,0.056909,0.180284,-0.002249,0.000450,0.000000,15.503,21.361
9.460565,0.060000,0.000000,0.180000,0.000000,0.000000,0.000000,0.097592,0.051218,0.180256,-0.002024,0.000405,0.000000,15.500,21.110
9.480695,0.100000,0.080000,0.260000,0.000000,0.000000,0.000000,0.097833,0.054096,0.188230,-0.001821,0.000364,0.000000,16.314,20.910
9.500816,0.060000,0.140000,0.260000,0.000000,0.000000,0.000000,0.094049,0.062686,0.195407,-0.001639,0.000328,0.000000,17.045,20.770
9.520670,0.100000,0.040000,0.160000,0.000000,0.000000,0.000000,0.094644,0.060418,0.191867,-0.001475,0.000295,0.000000,16.684,20.591
9.540657,0.140000,0.060000,0.160000,0.000000,0.000000,0.000000,0.099180,0.060376,0.188680,-0.001328,0.000266,0.000000,16.359,20.373
9.560787,0.100000,0.140000,0.240000,0.000000,0.000000,0.000000,0.099262,0.068338,0.193812,-0.001195,0.000239,0.000000,16.883,20.189
9.580682,0.040000,0.140000,0.120000,0.000000,0.000000,0.000000,0.093336,0.075504,0.186431,-0.001075,0.000215,0.000000,16.130,19.999
9.600801,0.040000,0.000000,0.000000,0.000000,0.000000,0.000000,0.088002,0.067954,0.167788,-0.000968,0.000194,0.000000,14.229,19.702
9.620791,0.100000,0.020000,0.160000,0.000000,0.000000,0.000000,0.089202,0.063159,0.167009,-0.000871,0.000174,0.000000,14.150,19.377
9.640746,0.140000,0.200000,0.280000,-0.020000,0.000000,0.000000,0.094282,0.076843,0.178308,-0.002784,0.000157,0.000000,15.302,19.080
9.660705,0.160000,0.200000,0.300000,-0.020000,0.000000,0.000000,0.100854,0.089158,0.190477,-0.004506,0.000141,0.000000,16.543,18.838
9.680597,0.200000,0.120000,0.300000,0.000000,0.000000,0.000000,0.110768,0.092243,0.201430,-0.004055,0.000127,0.000000,17.660,18.628
9.700764,0.260000,0.120000,0.240000,0.000000,0.020000,0.000000,0.125691,0.095018,0.205287,-0.003650,0.002114,0.000000,18.053,18.419
9.720701,0.160000,0.240000,0.300000,-0.020000,0.000000,0.000000,0.129122,0.109517,0.214758,-0.005285,0.001903,0.000000,19.019,18.235
9.740688,0.140000,0.140000,0.200000,-0.020000,0.000000,0.000000,0.130210,0.112565,0.213282,-0.006756,0.001713,0.000000,18.868,18.089
9.760849,0.220000,0.140000,0.400000,-0.020000,0.000000,0.000000,0.139189,0.115308,0.231954,-0.008081,0.001541,0.000000,20.772,17.978
9.780673,0.040000,0.120000,0.240000,0.000000,0.000000,0.000000,0.129270,0.115778,0.232759,-0.007272,0.001387,0.000000,20.854,17.855
9.800662,0.180000,0.240000,0.440000,-0.020000,0.000000,0.000000,0.134343,0.128200,0.253483,-0.008545,0.001248,0.000000,22.967,17.767
9.820781,0.120000,0.140000,0.340000,-0.020000,0.000000,0.000000,0.132909,0.129380,0.262134,-0.009691,0.001124,0.000000,23.850,17.669
9.840758,0.120000,0.080000,0.500000,0.000000,0.000000,0.000000,0.131618,0.124442,0.285921,-0.008722,0.001011,0.000000,26.275,17.653
9.860629,0.260000,0.060000,0.280000,0.000000,0.020000,0.000000,0.144456,0.117998,0.285329,-0.007849,0.002910,0.000000,26.215,17.696
9.880728,0.040000,0.180000,0.220000,-0.020000,0.000000,0.000000,0.134011,0.124198,0.278796,-0.009065,0.002619,0.000000,25.549,17.751
9.900750,0.060000,0.140000,0.160000,0.000000,0.000000,0.000000,0.126609,0.125778,0.266916,-0.008158,0.002357,0.000000,24.337,17.781
9.920705,0.100000,0.140000,0.460000,-0.020000,0.000000,0.000000,0.123949,0.127200,0.286225,-0.009342,0.002121,0.000000,26.306,17.864
9.940731,0.100000,0.060000,0.160000,0.000000,0.000000,0.000000,0.121554,0.120480,0.273602,-0.008408,0.001909,0.000000,25.019,17.972
9.960715,0.060000,0.140000,0.060000,-0.020000,0.000000,0.000000,0.115398,0.122432,0.252242,-0.009567,0.001718,0.000000,22.841,18.036
9.981567,0.140000,0.120000,0.220000,0.000000,0.000000,0.000000,0.117858,0.122189,0.249018,-0.008611,0.001547,0.000000,22.512,18.053
10.000675,0.180000,0.120000,0.080000,-0.020000,0.000000,0.000000,0.124073,0.121970,0.232116,-0.009749,0.001392,0.000000,20.789,18.065
10.020672,0.120000,0.140000,0.220000,-0.020000,0.000000,0.000000,0.123665,0.123773,0.230904,-0.010775,0.001253,0.000000,20.665,18.103
10.040673,0.040000,0.120000,0.140000,-0.020000,0.000000,0.000000,0.115299,0.123396,0.221814,-0.011697,0.001127,0.000000,19.738,18.154
10.060635,0.160000,0.160000,0.200000,-0.020000,0.000000,0.000000,0.119769,0.127056,0.219633,-0.012527,0.001015,0.000000,19.516,18.213
10.080624,0.060000,0.180000,0.080000,-0.020000,0.000000,0.000000,0.113792,0.132351,0.205669,-0.013275,0.000913,0.000000,18.092,18.220
10.100942,0.000000,0.040000,0.100000,0.000000,0.000000,0.000000,0.102413,0.123116,0.195102,-0.011947,0.000822,0.000000,17.014,18.244
10.120720,0.200000,0.120000,0.160000,0.000000,0.000000,0.000000,0.112172,0.122804,0.191592,-0.010752,0.000740,0.000000,16.656,18.228
10.140735,0.160000,0.120000,0.180000,0.000000,0.000000,0.000000,0.116954,0.122524,0.190433,-0.009677,0.000666,0.000000,16.538,18.209
10.160712,0.120000,0.000000,0.200000,0.000000,0.000000,0.000000,0.117259,0.110271,0.191390,-0.008709,0.000599,0.000000,16.636,18.185
10.180723,0.020000,0.080000,0.280000,0.000000,0.000000,0.000000,0.107533,0.107244,0.200251,-0.007839,0.000539,0.000000,17.539,18.232
10.200759,0.040000,0.000000,0.000000,0.000000,0.000000,0.000000,0.100780,0.096520,0.180226,-0.007055,0.000485,0.000000,15.497,18.262
10.220839,0.140000,0.080000,0.280000,0.000000,0.000000,0.000000,0.104702,0.094868,0.190203,-0.006349,0.000437,0.000000,16.515,18.269
10.240816,0.080000,0.120000,0.500000,0.000000,0.000000,0.000000,0.102232,0.097381,0.221183,-0.005714,0.000393,0.000000,19.674,18.332
10.260651,0.340000,0.160000,0.400000,-0.020000,0.020000,0.000000,0.126008,0.103643,0.239064,-0.007143,0.002354,0.000000,21.497,18.470
10.280659,0.140000,0.040000,0.260000,0.000000,0.000000,0.000000,0.127408,0.097279,0.241158,-0.006429,0.002118,0.000000,21.711,18.636
10.300740,0.340000,0.140000,0.260000,0.000000,0.020000,0.000000,0.148667,0.101551,0.243042,-0.005786,0.003907,0.000000,21.903,18.805
10.320741,0.120000,0.100000,0.420000,-0.020000,0.000000,0.000000,0.145800,0.101396,0.260738,-0.007207,0.003516,0.000000,23.707,19.006
10.340611,0.100000,0.120000,0.280000,0.000000,0.000000,0.000000,0.141220,0.103256,0.262664,-0.006486,0.003164,0.000000,23.904,19.204
10.361863,-0.020000,0.060000,0.200000,0.000000,0.000000,0.000000,0.125098,0.098930,0.256398,-0.005838,0.002848,0.000000,23.265,19.361
10.380723,0.060000,0.020000,0.060000,0.000000,0.000000,0.000000,0.118588,0.091037,0.236758,-0.005254,0.002563,0.000000,21.262,19.458
10.400752,0.200000,0.180000,0.140000,-0.020000,0.000000,0.000000,0.126729,0.099934,0.227082,-0.006729,0.002307,0.000000,20.275,19.561
10.420703,0.080000,0.000000,0.180000,0.000000,0.000000,0.000000,0.122057,0.089940,0.222374,-0.006056,0.002076,0.000000,19.795,19.679
10.440714,0.200000,0.120000,0.020000,0.000000,0.020000,0.000000,0.129851,0.092946,0.202137,-0.005450,0.003869,0.000000,17.732,19.723
10.460698,0.060000,0.080000,0.060000,0.000000,0.000000,0.000000,0.122866,0.091652,0.187923,-0.004905,0.003482,0.000000,16.282,19.739
10.480700,0.100000,0.180000,0.140000,-0.020000,0.000000,0.000000,0.120579,0.100486,0.183131,-0.006415,0.003133,0.000000,15.794,19.728
10.500814,0.060000,0.180000,0.140000,-0.020000,0.000000,0.000000,0.114521,0.108438,0.178818,-0.007773,0.002820,0.000000,15.354,19.695
10.520650,-0.060000,0.060000,0.000000,0.000000,0.000000,0.000000,0.097069,0.103594,0.160936,-0.006996,0.002538,0.000000,13.530,19.631
10.540750,0.040000,0.040000,0.320000,0.000000,0.000000,0.000000,0.091362,0.097235,0.176842,-0.006296,0.002284,0.000000,15.152,19.607
10.560797,0.100000,0.060000,0.260000,0.000000,0.000000,0.000000,0.092226,0.093511,0.185158,-0.005667,0.002056,0.000000,16.000,19.590
10.580762,0.180000,0.060000,0.220000,0.000000,0.000000,0.000000,0.101003,0.090160,0.188642,-0.005100,0.001850,0.000000,16.356,19.594
10.600743,0.000000,0.060000,0.160000,0.000000,0.000000,0.000000,0.090903,0.087144,0.185778,-0.004590,0.001665,0.000000,16.063,19.631
10.620746,0.000000,-0.020000,0.220000,0.000000,0.000000,0.000000,0.081813,0.076430,0.189200,-0.004131,0.001499,0.000000,16.412,19.676
10.640726,0.140000,0.120000,0.240000,0.000000,0.000000,0.000000,0.087631,0.080787,0.194280,-0.003718,0.001349,0.000000,16.930,19.709
10.660729,0.100000,0.240000,0.120000,-0.020000,0.000000,0.000000,0.088868,0.096708,0.186852,-0.005346,0.001214,0.000000,16.173,19.701
10.680700,0.100000,0.180000,0.060000,0.000000,0.000000,0.000000,0.089982,0.105037,0.174167,-0.004811,0.001093,0.000000,14.879,19.646
10.700679,0.060000,0.180000,0.200000,-0.020000,0.000000,0.000000,0.086983,0.112533,0.176750,-0.006330,0.000983,0.000000,15.143,19.587
10.720669,0.080000,0.140000,0.220000,-0.020000,0.000000,0.000000,0.086285,0.115280,0.181075,-0.007697,0.000885,0.000000,15.584,19.519
10.740989,0.060000,0.160000,0.060000,0.000000,0.000000,0.000000,0.083657,0.119752,0.168968,-0.006928,0.000796,0.000000,14.349,19.428
10.760663,0.000000,0.060000,0.160000,0.000000,0.000000,0.000000,0.075291,0.113777,0.168071,-0.006235,0.000717,0.000000,14.258,19.298
10.780712,0.040000,0.020000,0.260000,0.000000,0.000000,0.000000,0.071762,0.104399,0.177264,-0.005611,0.000645,0.000000,15.195,19.185
10.800613,0.080000,0.080000,-0.020000,0.000000,0.000000,0.000000,0.072586,0.101959,0.157537,-0.005050,0.000581,0.000000,13.184,18.989
10.820609,-0.020000,0.180000,0.100000,-0.020000,0.000000,0.000000,0.063327,0.109763,0.151784,-0.006545,0.000523,0.000000,12.597,18.764
10.840737,0.020000,0.040000,0.440000,0.000000,0.000000,0.000000,0.058994,0.102787,0.180605,-0.005891,0.000470,0.000000,15.536,18.549
10.860697,0.080000,0.180000,0.260000,-0.020000,0.000000,0.000000,0.061095,0.110508,0.188545,-0.007302,0.000423,0.000000,16.346,18.352
10.880700,0.080000,0.120000,0.280000,0.000000,0.000000,0.000000,0.062985,0.111457,0.197690,-0.006571,0.000381,0.000000,17.278,18.187
10.900691,-0.060000,0.200000,0.140000,-0.020000,0.000000,0.000000,0.050687,0.120312,0.191921,-0.007914,0.000343,0.000000,16.690,18.034
10.920674,0.000000,0.060000,0.200000,0.000000,0.000000,0.000000,0.045618,0.114281,0.192729,-0.007123,0.000309,0.000000,16.772,17.843
10.940649,0.080000,0.060000,0.220000,0.000000,0.000000,0.000000,0.049056,0.108853,0.195456,-0.006411,0.000278,0.000000,17.050,17.684
10.960648,-0.080000,0.080000,0.160000,0.000000,0.000000,0.000000,0.036151,0.105967,0.191911,-0.005770,0.000250,0.000000,16.689,17.561
10.980647,0.120000,0.120000,0.240000,0.000000,0.000000,0.000000,0.044536,0.107371,0.196720,-0.005193,0.000225,0.000000,17.179,17.454
11.000528,0.020000,0.180000,0.240000,-0.020000,0.000000,0.000000,0.042082,0.114633,0.201048,-0.006673,0.000202,0.000000,17.621,17.391
11.020686,0.100000,0.160000,0.120000,-0.020000,0.000000,0.000000,0.047874,0.119170,0.192943,-0.008006,0.000182,0.000000,16.794,17.313
11.040563,0.080000,0.080000,0.180000,0.000000,0.000000,0.000000,0.051086,0.115253,0.191649,-0.007205,0.000164,0.000000,16.662,17.252
11.060601,0.100000,0.060000,0.380000,0.000000,0.000000,0.000000,0.055978,0.109728,0.210484,-0.006485,0.000148,0.000000,18.583,17.233
11.080588,0.000000,0.140000,0.200000,0.000000,0.000000,0.000000,0.050380,0.112755,0.209435,-0.005836,0.000133,0.000000,18.476,17.241
11.100590,-0.060000,0.060000,-0.140000,0.000000,0.000000,0.000000,0.039342,0.107480,0.174492,-0.005253,0.000120,0.000000,14.913,17.199
11.120627,0.140000,0.100000,-0.060000,0.000000,0.000000,0.000000,0.049408,0.106732,0.151043,-0.004727,0.000108,0.000000,12.521,17.116
11.140627,0.140000,0.180000,0.120000,-0.020000,0.000000,0.000000,0.058467,0.114058,0.147938,-0.006255,0.000097,0.000000,12.205,17.029
11.160649,-0.020000,0.120000,-0.060000,-0.020000,0.000000,0.000000,0.050620,0.114653,0.127145,-0.007629,0.000087,0.000000,10.085,16.898
11.180657,0.120000,0.020000,-0.080000,0.000000,0.000000,0.000000,0.057558,0.105187,0.106430,-0.006866,0.000078,0.000000,7.972,16.707
11.200535,0.000000,0.140000,-0.300000,0.000000,0.000000,0.000000,0.051802,0.108669,0.065787,-0.006180,0.000071,0.000000,3.828,16.474
11.220685,0.100000,0.000000,0.000000,0.000000,0.000000,0.000000,0.056622,0.097802,0.059208,-0.005562,0.000064,0.000000,3.157,16.206
11.240685,0.200000,0.000000,0.140000,0.000000,0.000000,0.000000,0.070960,0.088022,0.067288,-0.005006,0.000057,0.000000,3.981,15.893
11.260579,0.220000,-0.040000,-0.020000,0.000000,0.000000,0.000000,0.085864,0.075219,0.058559,-0.004505,0.000051,0.000000,3.091,15.524
11.280572,0.060000,-0.120000,0.120000,0.000000,0.000000,0.000000,0.083278,0.055697,0.064703,-0.004054,0.000046,0.000000,3.717,15.165
11.300619,0.200000,0.080000,0.020000,0.000000,0.000000,0.000000,0.094950,0.058128,0.060233,-0.003649,0.000042,0.000000,3.261,14.792
11.320607,0.160000,0.180000,0.060000,-0.020000,0.000000,0.000000,0.101455,0.070315,0.060209,-0.005284,0.000038,0.000000,3.259,14.383
11.340606,0.100000,0.140000,0.160000,0.000000,0.000000,0.000000,0.101309,0.077283,0.070188,-0.004756,0.000034,0.000000,4.277,13.990
11.360652,0.060000,0.260000,-0.060000,-0.020000,0.000000,0.000000,0.097178,0.095555,0.057170,-0.006280,0.000030,0.000000,2.949,13.584
11.380665,0.060000,0.000000,0.080000,0.000000,0.000000,0.000000,0.093461,0.086000,0.059453,-0.005652,0.000027,0.000000,3.182,13.222
11.400708,0.120000,0.000000,0.020000,0.000000,0.000000,0.000000,0.096115,0.077400,0.055507,-0.005087,0.000025,0.000000,2.780,12.872
11.420669,0.100000,0.080000,0.020000,0.000000,0.000000,0.000000,0.096503,0.077660,0.051957,-0.004578,0.000022,0.000000,2.418,12.525
11.440699,0.000000,0.120000,-0.020000,-0.020000,0.000000,0.000000,0.086853,0.081894,0.044761,-0.006120,0.000020,0.000000,1.684,12.204
11.460713,0.120000,0.140000,-0.040000,0.000000,0.000000,0.000000,0.090167,0.087704,0.036285,-0.005508,0.000018,0.000000,0.819,11.895
11.480582,0.080000,0.180000,0.040000,-0.020000,0.000000,0.000000,0.089151,0.096934,0.036656,-0.006958,0.000016,0.000000,0.857,11.596
11.500576,0.000000,0.000000,-0.020000,0.000000,0.000000,0.000000,0.080236,0.087241,0.030991,-0.006262,0.000015,0.000000,0.280,11.294
11.520623,0.080000,0.040000,-0.140000,0.000000,0.000000,0.000000,0.080212,0.082516,0.013892,-0.005636,0.000013,0.000000,-1.464,10.994
11.540758,0.160000,0.060000,0.060000,0.000000,0.000000,0.000000,0.088191,0.080265,0.018502,-0.005072,0.000012,0.000000,-0.994,10.672
11.560637,0.120000,0.000000,0.060000,0.000000,0.000000,0.000000,0.091372,0.072238,0.022652,-0.004565,0.000011,0.000000,-0.571,10.340
11.580667,0.300000,0.000000,0.300000,0.000000,0.020000,0.000000,0.112235,0.065014,0.050387,-0.004108,0.002010,0.000000,2.257,10.058
11.600694,0.120000,0.080000,-0.020000,0.000000,0.000000,0.000000,0.113011,0.066513,0.043348,-0.003698,0.001809,0.000000,1.540,9.768
11.620897,0.100000,0.060000,0.080000,0.000000,0.000000,0.000000,0.111710,0.065862,0.047013,-0.003328,0.001628,0.000000,1.913,9.478
11.640730,0.180000,0.040000,0.000000,0.000000,0.000000,0.000000,0.118539,0.063276,0.042312,-0.002995,0.001465,0.000000,1.434,9.168
11.660739,0.000000,0.080000,0.000000,-0.020000,0.000000,0.000000,0.106685,0.064948,0.038081,-0.004695,0.001318,0.000000,1.003,8.864
11.680834,0.120000,0.060000,0.000000,0.000000,0.000000,0.000000,0.108017,0.064453,0.034273,-0.004226,0.001187,0.000000,0.614,8.579
11.700616,-0.020000,0.040000,0.360000,0.000000,0.000000,0.000000,0.095215,0.062008,0.066846,-0.003803,0.001068,0.000000,3.936,8.355
11.720598,0.040000,0.120000,-0.040000,0.000000,0.000000,0.000000,0.089693,0.067807,0.056161,-0.003423,0.000961,0.000000,2.846,8.100
11.740779,0.060000,-0.040000,0.260000,0.000000,0.000000,0.000000,0.086724,0.057026,0.076545,-0.003081,0.000865,0.000000,4.925,7.912
11.760800,-0.020000,0.080000,-0.120000,0.000000,0.000000,0.000000,0.076052,0.059324,0.056890,-0.002773,0.000779,0.000000,2.921,7.685
11.780706,0.100000,0.140000,0.000000,0.000000,0.000000,0.000000,0.078447,0.067391,0.051201,-0.002495,0.000701,0.000000,2.340,7.428
11.800709,0.060000,0.140000,0.180000,-0.020000,0.000000,0.000000,0.076602,0.074652,0.064081,-0.004246,0.000631,0.000000,3.654,7.237
11.820751,0.180000,0.120000,0.000000,0.000000,0.000000,0.000000,0.086942,0.079187,0.057673,-0.003821,0.000568,0.000000,3.000,7.045
11.840714,0.160000,0.060000,0.060000,0.000000,0.000000,0.000000,0.094248,0.077268,0.057906,-0.003439,0.000511,0.000000,3.024,6.795
11.860716,0.040000,0.000000,0.020000,0.000000,0.000000,0.000000,0.088823,0.069541,0.054115,-0.003095,0.000460,0.000000,2.638,6.521
11.880734,0.020000,0.080000,-0.200000,0.000000,0.000000,0.000000,0.081940,0.070587,0.028704,-0.002786,0.000414,0.000000,0.046,6.176
11.900719,0.220000,0.240000,0.020000,-0.020000,0.000000,0.000000,0.095746,0.087529,0.027833,-0.004507,0.000372,0.000000,-0.042,5.842
11.920598,0.180000,0.000000,0.100000,0.000000,0.000000,0.000000,0.104172,0.078776,0.035050,-0.004056,0.000335,0.000000,0.694,5.520
11.940850,0.100000,0.180000,0.160000,-0.020000,0.000000,0.000000,0.103755,0.088898,0.047545,-0.005651,0.000302,0.000000,1.968,5.218
11.960654,0.140000,0.200000,0.120000,-0.020000,0.000000,0.000000,0.107379,0.100008,0.054790,-0.007086,0.000271,0.000000,2.706,4.939
11.980911,0.080000,0.100000,0.420000,0.000000,0.000000,0.000000,0.104641,0.100008,0.091311,-0.006377,0.000244,0.000000,6.431,4.724
12.000685,0.100000,0.140000,0.220000,-0.020000,0.000000,0.000000,0.104177,0.104007,0.104180,-0.007739,0.000220,0.000000,7.743,4.526
12.020657,0.000000,0.180000,0.080000,-0.020000,0.000000,0.000000,0.093759,0.111606,0.101762,-0.008965,0.000198,0.000000,7.496,4.340
12.040555,0.180000,0.160000,0.100000,-0.020000,0.000000,0.000000,0.102383,0.116445,0.101586,-0.010069,0.000178,0.000000,7.478,4.157
12.060571,0.180000,0.100000,0.160000,0.000000,0.000000,0.000000,0.110145,0.114801,0.107427,-0.009062,0.000160,0.000000,8.074,3.946
12.080692,0.080000,0.040000,0.140000,0.000000,0.000000,0.000000,0.107131,0.107321,0.110685,-0.008156,0.000144,0.000000,8.406,3.745
12.100584,0.100000,0.080000,0.060000,0.000000,0.000000,0.000000,0.106418,0.104589,0.105616,-0.007340,0.000130,0.000000,7.889,3.605
12.120592,0.060000,0.060000,0.080000,0.000000,0.000000,0.000000,0.101776,0.100130,0.103055,-0.006606,0.000117,0.000000,7.628,3.507
12.140616,0.000000,0.000000,0.100000,0.000000,0.000000,0.000000,0.091598,0.090117,0.102749,-0.005946,0.000105,0.000000,7.597,3.415
12.160610,-0.060000,0.000000,-0.080000,0.000000,0.000000,0.000000,0.076438,0.081105,0.084474,-0.005351,0.000095,0.000000,5.733,3.328
12.180635,0.060000,0.180000,-0.160000,-0.020000,0.000000,0.000000,0.074795,0.090995,0.060027,-0.006816,0.000085,0.000000,3.240,3.233
12.200625,-0.060000,0.080000,0.000000,0.000000,0.000000,0.000000,0.061315,0.089895,0.054024,-0.006134,0.000077,0.000000,2.628,3.209
12.220529,-0.020000,0.020000,0.000000,0.000000,0.000000,0.000000,0.053184,0.082906,0.048622,-0.005521,0.000069,0.000000,2.077,3.187
12.240556,0.040000,0.040000,0.020000,0.000000,0.000000,0.000000,0.051865,0.078615,0.045760,-0.004969,0.000062,0.000000,1.786,3.143
12.260671,0.020000,0.100000,0.160000,-0.020000,0.000000,0.000000,0.048679,0.080754,0.057184,-0.006472,0.000056,0.000000,2.951,3.141
12.280581,0.020000,0.040000,-0.160000,0.000000,0.000000,0.000000,0.045811,0.076678,0.035465,-0.005825,0.000050,0.000000,0.736,3.081
12.300721,0.000000,0.120000,0.060000,0.000000,0.000000,0.000000,0.041230,0.081010,0.037919,-0.005242,0.000045,0.000000,0.986,3.035
12.320576,0.060000,0.000000,0.060000,0.000000,0.000000,0.000000,0.043107,0.072909,0.040127,-0.004718,0.000041,0.000000,1.211,2.994
12.340612,-0.060000,0.160000,0.100000,-0.020000,0.000000,0.000000,0.032796,0.081618,0.046114,-0.006246,0.000037,0.000000,1.822,2.945
12.360628,-0.020000,0.160000,0.160000,0.000000,0.000000,0.000000,0.027516,0.089457,0.057503,-0.005622,0.000033,0.000000,2.983,2.946
12.380660,0.100000,0.200000,0.000000,-0.020000,0.000000,0.000000,0.034765,0.100511,0.051752,-0.007059,0.000030,0.000000,2.397,2.930
12.400651,0.100000,0.080000,-0.080000,0.000000,0.000000,0.000000,0.041288,0.098460,0.038577,-0.006354,0.000027,0.000000,1.053,2.896
12.420650,-0.020000,0.020000,-0.100000,0.000000,0.000000,0.000000,0.035160,0.090614,0.024719,-0.005718,0.000024,0.000000,-0.360,2.840
12.440533,0.180000,0.040000,0.040000,0.000000,0.000000,0.000000,0.049644,0.085552,0.026248,-0.005146,0.000022,0.000000,-0.204,2.803
12.460554,0.020000,0.060000,0.140000,0.000000,0.000000,0.000000,0.046679,0.082997,0.037623,-0.004632,0.000019,0.000000,0.956,2.805
12.480581,0.140000,0.120000,0.000000,-0.020000,0.000000,0.000000,0.056011,0.086698,0.033861,-0.006169,0.000018,0.000000,0.572,2.800
12.500623,-0.060000,0.160000,0.040000,-0.020000,0.000000,0.000000,0.044410,0.094028,0.034474,-0.007552,0.000016,0.000000,0.635,2.807
12.520590,-0.060000,0.020000,0.080000,0.000000,0.000000,0.000000,0.033969,0.086625,0.039027,-0.006797,0.000014,0.000000,1.099,2.858
12.540728,-0.080000,-0.020000,0.000000,0.000000,0.000000,0.000000,0.022572,0.075962,0.035124,-0.006117,0.000013,0.000000,0.701,2.892
12.560595,-0.020000,0.060000,-0.120000,0.000000,0.000000,0.000000,0.018315,0.074366,0.019612,-0.005505,0.000012,0.000000,-0.881,2.886
12.580689,-0.060000,0.080000,0.060000,0.000000,0.000000,0.000000,0.010484,0.074930,0.023651,-0.004955,0.000010,0.000000,-0.469,2.831
12.600640,0.100000,0.200000,0.060000,-0.020000,0.000000,0.000000,0.019435,0.087437,0.027286,-0.006459,0.000009,0.000000,-0.098,2.798
12.620657,0.020000,0.000000,0.100000,0.000000,0.000000,0.000000,0.019492,0.078693,0.034557,-0.005813,0.000008,0.000000,0.643,2.773
12.640673,0.020000,0.000000,0.300000,0.000000,0.000000,0.000000,0.019542,0.070824,0.061101,-0.005232,0.000008,0.000000,3.350,2.811
12.660558,0.060000,0.040000,0.280000,0.000000,0.000000,0.000000,0.023588,0.067741,0.082991,-0.004709,0.000007,0.000000,5.582,2.903
12.680723,0.120000,0.220000,0.240000,-0.020000,0.000000,0.000000,0.033229,0.082967,0.098692,-0.006238,0.000006,0.000000,7.183,3.034
12.700574,0.120000,0.180000,0.180000,-0.020000,0.000000,0.000000,0.041906,0.092670,0.106823,-0.007614,0.000006,0.000000,8.012,3.116
12.720609,0.040000,0.060000,0.180000,0.000000,0.000000,0.000000,0.041716,0.089403,0.114141,-0.006853,0.000005,0.000000,8.759,3.234
12.740593,0.140000,0.180000,0.320000,-0.020000,0.000000,0.000000,0.051544,0.098463,0.134727,-0.008167,0.000004,0.000000,10.858,3.353
12.760604,0.120000,0.000000,-0.060000,0.000000,0.000000,0.000000,0.058390,0.088617,0.115254,-0.007351,0.000004,0.000000,8.872,3.472
12.780620,0.080000,0.200000,-0.060000,-0.020000,0.000000,0.000000,0.060551,0.099755,0.097728,-0.008616,0.000004,0.000000,7.085,3.567
12.800638,0.040000,0.120000,0.160000,0.000000,0.000000,0.000000,0.058496,0.101780,0.103956,-0.007754,0.000003,0.000000,7.720,3.648
12.820642,0.180000,-0.060000,0.160000,0.000000,0.000000,0.000000,0.070646,0.085602,0.109560,-0.006979,0.000003,0.000000,8.291,3.754
12.840651,0.000000,0.020000,0.060000,0.000000,0.000000,0.000000,0.063582,0.079041,0.104604,-0.006281,0.000003,0.000000,7.786,3.849
12.860660,0.160000,0.080000,0.140000,0.000000,0.000000,0.000000,0.073223,0.079137,0.108144,-0.005653,0.000002,0.000000,8.147,3.959
12.880545,0.200000,0.120000,0.160000,0.000000,0.000000,0.000000,0.085901,0.083224,0.113329,-0.005087,0.000002,0.000000,8.676,4.132
12.900686,0.020000,0.140000,0.320000,-0.020000,0.000000,0.000000,0.079311,0.088901,0.133996,-0.006579,0.000002,0.000000,10.783,4.348
12.920578,0.140000,0.240000,0.200000,-0.020000,0.000000,0.000000,0.085380,0.104011,0.140597,-0.007921,0.000002,0.000000,11.456,4.564
12.940595,0.020000,0.060000,0.100000,0.000000,0.000000,0.000000,0.078842,0.099610,0.136537,-0.007129,0.000002,0.000000,11.042,4.745
12.960606,0.140000,0.060000,0.260000,0.000000,0.000000,0.000000,0.084958,0.095649,0.148883,-0.006416,0.000001,0.000000,12.301,4.937
12.980614,0.060000,0.120000,0.380000,0.000000,0.000000,0.000000,0.082462,0.098084,0.171995,-0.005774,0.000001,0.000000,14.658,5.101
13.000622,0.020000,0.120000,0.100000,0.000000,0.000000,0.000000,0.076216,0.100276,0.164796,-0.005197,0.000001,0.000000,13.924,5.225
13.020517,0.160000,0.100000,0.280000,0.000000,0.000000,0.000000,0.084594,0.100248,0.176316,-0.004677,0.000001,0.000000,15.099,5.377
13.040646,0.020000,0.120000,0.120000,0.000000,0.000000,0.000000,0.078135,0.102223,0.170684,-0.004209,0.000001,0.000000,14.524,5.518
13.060660,0.100000,0.040000,0.160000,0.000000,0.000000,0.000000,0.080321,0.096001,0.169616,-0.003789,0.000001,0.000000,14.415,5.645
13.080675,0.120000,-0.020000,0.240000,0.000000,0.000000,0.000000,0.084289,0.084401,0.176654,-0.003410,0.000001,0.000000,15.133,5.779
13.100545,0.000000,0.080000,0.160000,0.000000,0.000000,0.000000,0.075860,0.083961,0.174989,-0.003069,0.000001,0.000000,14.963,5.921
13.120551,0.120000,0.180000,0.000000,-0.020000,0.000000,0.000000,0.080274,0.093565,0.157490,-0.004762,0.000001,0.000000,13.179,6.032
13.140587,0.060000,0.260000,0.140000,-0.020000,0.000000,0.000000,0.078247,0.110208,0.155741,-0.006286,0.000001,0.000000,13.001,6.140
13.160603,0.080000,0.180000,0.280000,-0.020000,0.000000,0.000000,0.078422,0.117187,0.168167,-0.007657,0.000000,0.000000,14.268,6.311
13.180636,0.180000,0.120000,0.200000,0.000000,0.000000,0.000000,0.088580,0.117469,0.171350,-0.006891,0.000000,0.000000,14.592,6.538
13.200500,0.140000,0.060000,0.200000,0.000000,0.000000,0.000000,0.093722,0.111722,0.174215,-0.006202,0.000000,0.000000,14.884,6.783
13.220632,0.120000,0.020000,0.240000,0.000000,0.000000,0.000000,0.096350,0.102550,0.180794,-0.005582,0.000000,0.000000,15.555,7.052
13.240646,0.140000,0.120000,0.080000,0.000000,0.000000,0.000000,0.100715,0.104295,0.170714,-0.005024,0.000000,0.000000,14.527,7.307
13.260638,0.140000,0.020000,0.200000,0.000000,0.000000,0.000000,0.104643,0.095865,0.173643,-0.004521,0.000000,0.000000,14.826,7.545
13.280667,0.140000,0.220000,0.060000,-0.020000,0.000000,0.000000,0.108179,0.108279,0.162279,-0.006069,0.000000,0.000000,13.667,7.803
13.300534,0.140000,0.100000,0.200000,0.000000,0.000000,0.000000,0.111361,0.107451,0.166051,-0.005462,0.000000,0.000000,14.052,8.065
13.320688,0.160000,0.240000,0.300000,-0.020000,0.000000,0.000000,0.116225,0.120706,0.179446,-0.006916,0.000000,0.000000,15.418,8.349
13.340583,0.100000,0.100000,0.220000,0.000000,0.000000,0.000000,0.114602,0.118635,0.183501,-0.006225,0.000000,0.000000,15.831,8.629
13.360589,0.240000,0.060000,0.100000,0.000000,0.000000,0.000000,0.127142,0.112772,0.175151,-0.005602,0.000000,0.000000,14.980,8.869
13.380598,0.140000,0.080000,-0.020000,0.000000,0.000000,0.000000,0.128428,0.109494,0.155636,-0.005042,0.000000,0.000000,12.990,9.081
13.400605,0.000000,0.080000,0.140000,0.000000,0.000000,0.000000,0.115585,0.106545,0.154072,-0.004538,0.000000,0.000000,12.830,9.316
13.420608,0.020000,0.200000,0.320000,-0.020000,0.000000,0.000000,0.106027,0.115891,0.170665,-0.006084,0.000000,0.000000,14.522,9.614
13.440654,0.180000,0.120000,0.140000,0.000000,0.000000,0.000000,0.113424,0.116301,0.167599,-0.005476,0.000000,0.000000,14.210,9.902
13.460661,0.100000,0.220000,0.180000,-0.020000,0.000000,0.000000,0.112082,0.126671,0.168839,-0.006928,0.000000,0.000000,14.336,10.170
13.480541,0.140000,0.060000,0.140000,0.000000,0.000000,0.000000,0.114873,0.120004,0.165955,-0.006235,0.000000,0.000000,14.042,10.439
13.500657,0.160000,0.120000,0.420000,0.000000,0.000000,0.000000,0.119386,0.120004,0.191359,-0.005612,0.000000,0.000000,16.633,10.759
13.520701,0.040000,0.140000,0.100000,-0.020000,0.000000,0.000000,0.111447,0.122003,0.182223,-0.007050,0.000000,0.000000,15.701,11.051
13.540716,-0.060000,0.160000,0.040000,-0.020000,0.000000,0.000000,0.094303,0.125803,0.168001,-0.008345,0.000000,0.000000,14.251,11.322
13.560739,0.020000,0.040000,0.060000,0.000000,0.000000,0.000000,0.086872,0.117223,0.157201,-0.007511,0.000000,0.000000,13.149,11.603
13.580754,0.100000,0.080000,0.220000,0.000000,0.000000,0.000000,0.088185,0.113500,0.163481,-0.006760,0.000000,0.000000,13.790,11.888
13.600624,0.020000,0.160000,0.000000,-0.020000,0.000000,0.000000,0.081367,0.118150,0.147133,-0.008084,0.000000,0.000000,12.123,12.132
13.620629,0.080000,0.120000,0.080000,0.000000,0.000000,0.000000,0.081230,0.118335,0.140420,-0.007275,0.000000,0.000000,11.438,12.348
13.640637,0.140000,0.000000,0.060000,0.000000,0.000000,0.000000,0.087107,0.106502,0.132378,-0.006548,0.000000,0.000000,10.618,12.494
13.660677,0.020000,0.080000,0.040000,0.000000,0.000000,0.000000,0.080396,0.103852,0.123140,-0.005893,0.000000,0.000000,9.676,12.576
13.680592,0.000000,0.120000,0.020000,-0.020000,0.000000,0.000000,0.072357,0.105466,0.112826,-0.007304,0.000000,0.000000,8.624,12.604
13.700526,0.080000,0.080000,0.000000,0.000000,0.000000,0.000000,0.073121,0.102920,0.101543,-0.006573,0.000000,0.000000,7.474,12.594
13.720684,0.020000,0.040000,0.100000,0.000000,0.000000,0.000000,0.067809,0.096628,0.101389,-0.005916,0.000000,0.000000,7.458,12.568
13.740711,0.140000,0.060000,0.000000,0.000000,0.000000,0.000000,0.075028,0.092965,0.091250,-0.005324,0.000000,0.000000,6.424,12.479
13.760576,0.100000,0.000000,0.020000,0.000000,0.000000,0.000000,0.077525,0.083669,0.084125,-0.004792,0.000000,0.000000,5.698,12.415
13.780727,0.120000,-0.040000,0.000000,0.000000,0.000000,0.000000,0.081773,0.071302,0.075713,-0.004313,0.000000,0.000000,4.840,12.371
13.800592,0.100000,0.000000,0.100000,0.000000,0.000000,0.000000,0.083595,0.064172,0.078141,-0.003882,0.000000,0.000000,5.088,12.318
13.820634,0.020000,0.060000,-0.040000,0.000000,0.020000,0.000000,0.077236,0.063754,0.066327,-0.003493,0.002000,0.000000,3.883,12.230
13.840643,0.120000,-0.040000,0.000000,0.000000,0.000000,0.000000,0.081512,0.053379,0.059694,-0.003144,0.001800,0.000000,3.207,12.138
13.860654,0.080000,0.160000,0.020000,-0.020000,0.000000,0.000000,0.081361,0.064041,0.055725,-0.004830,0.001620,0.000000,2.802,12.031
13.880668,0.060000,0.060000,0.000000,0.000000,0.000000,0.000000,0.079225,0.063637,0.050152,-0.004347,0.001458,0.000000,2.234,11.902
13.900549,-0.020000,0.120000,-0.140000,0.000000,0.000000,0.000000,0.069302,0.069273,0.031137,-0.003912,0.001312,0.000000,0.295,11.693
13.920559,0.060000,0.080000,0.040000,0.000000,0.000000,0.000000,0.068372,0.070346,0.032024,-0.003521,0.001181,0.000000,0.385,11.471
13.940698,0.080000,0.180000,-0.140000,-0.020000,0.000000,0.000000,0.069535,0.081311,0.014821,-0.005169,0.001063,0.000000,-1.369,11.223
13.960563,0.080000,0.020000,0.000000,0.000000,0.000000,0.000000,0.070581,0.075180,0.013339,-0.004652,0.000957,0.000000,-1.520,10.947
13.980726,0.100000,-0.020000,0.000000,0.000000,0.000000,0.000000,0.073523,0.065662,0.012005,-0.004187,0.000861,0.000000,-1.656,10.620
14.000627,0.140000,0.000000,0.020000,0.000000,0.000000,0.000000,0.080171,0.059096,0.012805,-0.003768,0.000775,0.000000,-1.575,10.310
14.020621,0.140000,0.000000,-0.100000,0.000000,0.000000,0.000000,0.086154,0.053186,0.001524,-0.003391,0.000697,0.000000,-2.725,9.954
14.040654,0.160000,-0.020000,0.080000,0.000000,0.000000,0.000000,0.093539,0.045868,0.009372,-0.003052,0.000628,0.000000,-1.925,9.625
14.060699,0.160000,0.000000,0.080000,0.000000,0.000000,0.000000,0.100185,0.041281,0.016435,-0.002747,0.000565,0.000000,-1.205,9.312
14.080521,0.000000,0.080000,0.100000,0.000000,0.000000,0.000000,0.090166,0.045153,0.024791,-0.002472,0.000508,0.000000,-0.353,9.003
14.100529,0.060000,0.080000,0.120000,0.000000,0.000000,0.000000,0.087150,0.048638,0.034312,-0.002225,0.000458,0.000000,0.618,8.716
14.120530,0.060000,0.060000,0.080000,0.000000,0.000000,0.000000,0.084435,0.049774,0.038881,-0.002002,0.000412,0.000000,1.084,8.474
14.140697,0.220000,0.120000,0.140000,0.000000,0.000000,0.000000,0.097991,0.056796,0.048993,-0.001802,0.000371,0.000000,2.115,8.256
14.160571,0.240000,0.160000,0.080000,-0.020000,0.020000,0.000000,0.112192,0.067117,0.052093,-0.003622,0.002334,0.000000,2.431,8.019
14.180631,0.120000,0.120000,0.120000,0.000000,0.000000,0.000000,0.112973,0.072405,0.058884,-0.003260,0.002100,0.000000,3.124,7.790
14.200585,-0.020000,0.020000,0.280000,0.000000,0.000000,0.000000,0.099676,0.067165,0.080996,-0.002934,0.001890,0.000000,5.379,7.600
14.220588,0.080000,0.140000,0.020000,0.000000,0.000000,0.000000,0.097708,0.074448,0.074896,-0.002640,0.001701,0.000000,4.757,7.384
14.240627,0.160000,0.040000,0.060000,0.000000,0.000000,0.000000,0.103937,0.071003,0.073407,-0.002376,0.001531,0.000000,4.605,7.186
14.260653,0.120000,0.000000,0.240000,0.000000,0.000000,0.000000,0.105543,0.063903,0.090066,-0.002139,0.001378,0.000000,6.304,7.015
14.280656,0.120000,0.200000,0.000000,-0.020000,0.000000,0.000000,0.106989,0.077513,0.081059,-0.003925,0.001240,0.000000,5.385,6.849
14.300664,0.040000,0.180000,0.120000,-0.020000,0.000000,0.000000,0.100290,0.087761,0.084953,-0.005532,0.001116,0.000000,5.782,6.684
14.320668,0.180000,0.120000,0.180000,0.000000,0.000000,0.000000,0.108261,0.090985,0.094458,-0.004979,0.001005,0.000000,6.751,6.511
14.340561,0.040000,0.120000,0.200000,-0.020000,0.000000,0.000000,0.101435,0.093887,0.105012,-0.006481,0.000904,0.000000,7.828,6.351
14.360718,0.120000,0.040000,0.160000,0.000000,0.000000,0.000000,0.103292,0.088498,0.110511,-0.005833,0.000814,0.000000,8.388,6.219
14.380579,0.240000,0.120000,0.320000,0.000000,0.020000,0.000000,0.116962,0.091648,0.131460,-0.005250,0.002732,0.000000,10.525,6.170
14.400598,0.100000,0.000000,0.320000,0.000000,0.000000,0.000000,0.115266,0.082483,0.150314,-0.004725,0.002459,0.000000,12.447,6.162
14.420597,0.200000,0.120000,0.000000,0.000000,0.000000,0.000000,0.123740,0.086235,0.135283,-0.004252,0.002213,0.000000,10.914,6.090
14.440620,0.220000,0.180000,0.240000,-0.020000,0.020000,0.000000,0.133366,0.095612,0.145754,-0.005827,0.003992,0.000000,11.982,6.045
14.460628,0.140000,0.040000,0.100000,0.000000,0.000000,0.000000,0.134029,0.090050,0.141179,-0.005244,0.003593,0.000000,11.516,5.989
14.480641,0.140000,0.000000,0.400000,0.000000,0.000000,0.000000,0.134626,0.081045,0.167061,-0.004720,0.003233,0.000000,14.155,5.991
14.500672,0.100000,0.180000,0.060000,-0.020000,0.000000,0.000000,0.131164,0.090941,0.156355,-0.006248,0.002910,0.000000,13.063,5.920
14.520679,0.300000,0.140000,0.160000,-0.020000,0.020000,0.000000,0.148047,0.095847,0.156719,-0.007623,0.004619,0.000000,13.100,5.868
14.540683,0.020000,0.200000,0.280000,-0.020000,0.000000,0.000000,0.135242,0.106262,0.169047,-0.008861,0.004157,0.000000,14.357,5.870
14.560567,0.060000,0.200000,0.300000,-0.020000,0.000000,0.000000,0.127718,0.115636,0.182143,-0.009975,0.003741,0.000000,15.693,5.921
14.580565,0.060000,0.040000,0.160000,0.000000,0.000000,0.000000,0.120946,0.108072,0.179928,-0.008977,0.003367,0.000000,15.467,5.954
14.600574,0.160000,0.120000,0.240000,-0.020000,0.000000,0.000000,0.124852,0.109265,0.185936,-0.010080,0.003031,0.000000,16.080,6.033
14.620578,0.100000,0.060000,0.120000,0.000000,0.000000,0.000000,0.122367,0.104339,0.179342,-0.009072,0.002728,0.000000,15.407,6.113
14.640597,0.060000,0.140000,0.020000,-0.020000,0.000000,0.000000,0.116130,0.107905,0.163408,-0.010164,0.002455,0.000000,13.782,6.176
14.660623,-0.080000,0.180000,0.340000,-0.020000,0.000000,0.000000,0.096517,0.115114,0.181067,-0.011148,0.002209,0.000000,15.583,6.294
14.680673,0.100000,0.020000,0.300000,0.000000,0.000000,0.000000,0.096865,0.105603,0.192960,-0.010033,0.001988,0.000000,16.796,6.458
14.700757,0.080000,0.180000,0.260000,-0.020000,0.000000,0.000000,0.095179,0.113043,0.199664,-0.011030,0.001790,0.000000,17.480,6.658
14.720534,0.120000,0.060000,0.320000,0.000000,0.000000,0.000000,0.097661,0.107738,0.211698,-0.009927,0.001611,0.000000,18.707,6.883
14.740677,0.160000,0.120000,0.440000,-0.020000,0.000000,0.000000,0.103895,0.108964,0.234528,-0.010934,0.001450,0.000000,21.035,7.175
14.760557,0.080000,0.080000,0.220000,0.000000,0.000000,0.000000,0.101505,0.106068,0.233075,-0.009841,0.001305,0.000000,20.886,7.479
14.780568,0.100000,0.180000,0.240000,-0.020000,0.000000,0.000000,0.101355,0.113461,0.233768,-0.010857,0.001174,0.000000,20.957,7.801
14.800597,0.000000,0.120000,0.200000,-0.020000,0.000000,0.000000,0.091219,0.114115,0.230391,-0.011771,0.001057,0.000000,20.613,8.111
14.820596,0.160000,0.080000,0.160000,0.000000,0.000000,0.000000,0.098097,0.110704,0.223352,-0.010594,0.000951,0.000000,19.895,8.432
14.840608,0.060000,0.120000,0.040000,0.000000,0.000000,0.000000,0.094288,0.111633,0.205017,-0.009535,0.000856,0.000000,18.025,8.728
14.860609,0.120000,0.140000,0.120000,-0.020000,0.000000,0.000000,0.096859,0.114470,0.196515,-0.010581,0.000770,0.000000,17.158,9.015
14.880638,0.200000,0.000000,0.160000,0.000000,0.000000,0.000000,0.107173,0.103023,0.192864,-0.009523,0.000693,0.000000,16.786,9.306
14.900510,0.020000,0.000000,0.160000,0.000000,0.000000,0.000000,0.098456,0.092721,0.189577,-0.008571,0.000624,0.000000,16.451,9.629
14.920660,0.060000,0.000000,0.200000,0.000000,0.000000,0.000000,0.094610,0.083449,0.190619,-0.007714,0.000562,0.000000,16.557,9.953
14.940677,0.240000,0.000000,0.240000,0.000000,0.000000,0.000000,0.109149,0.075104,0.195558,-0.006942,0.000505,0.000000,17.061,10.321
14.960688,0.180000,0.120000,0.080000,0.000000,0.000000,0.000000,0.116234,0.079593,0.184002,-0.006248,0.000455,0.000000,15.882,10.669
14.980577,0.220000,0.060000,0.160000,0.000000,0.000000,0.000000,0.126611,0.077634,0.181602,-0.005623,0.000409,0.000000,15.638,11.015
15.000613,0.080000,0.120000,0.100000,0.000000,0.000000,0.000000,0.121950,0.081871,0.173441,-0.005061,0.000368,0.000000,14.806,11.343
15.020592,0.020000,0.200000,0.240000,-0.020000,0.000000,0.000000,0.111755,0.093684,0.180097,-0.006555,0.000332,0.000000,15.484,11.707
15.040614,0.220000,0.060000,0.160000,0.000000,0.000000,0.000000,0.122579,0.090315,0.178088,-0.005899,0.000298,0.000000,15.279,12.051
15.060649,0.100000,0.000000,0.200000,0.000000,0.000000,0.000000,0.120321,0.081284,0.180279,-0.005309,0.000269,0.000000,15.503,12.385
15.080617,0.220000,0.140000,0.080000,0.000000,0.000000,0.000000,0.130289,0.087155,0.170251,-0.004778,0.000242,0.000000,14.480,12.682
15.100640,0.000000,0.120000,0.240000,0.000000,0.000000,0.000000,0.117260,0.090440,0.177226,-0.004301,0.000218,0.000000,15.191,12.974
15.120651,-0.060000,0.160000,0.160000,0.000000,0.000000,0.000000,0.099534,0.097396,0.175503,-0.003871,0.000196,0.000000,15.016,13.252
15.140659,-0.020000,0.060000,0.220000,0.000000,0.000000,0.000000,0.087581,0.093656,0.179953,-0.003483,0.000176,0.000000,15.470,13.519
15.160548,0.140000,0.180000,0.140000,-0.020000,0.000000,0.000000,0.092823,0.102291,0.175958,-0.005135,0.000159,0.000000,15.062,13.772
15.180569,0.180000,0.140000,0.240000,-0.020000,0.000000,0.000000,0.101540,0.106062,0.182362,-0.006622,0.000143,0.000000,15.715,14.024
15.200757,0.060000,0.060000,0.280000,0.000000,0.000000,0.000000,0.097386,0.101455,0.192126,-0.005959,0.000128,0.000000,16.711,14.250
15.220843,0.200000,0.100000,0.300000,0.000000,0.000000,0.000000,0.107648,0.101310,0.202913,-0.005364,0.000116,0.000000,17.811,14.511
15.240746,0.240000,0.180000,0.160000,0.000000,0.020000,0.000000,0.120883,0.109179,0.198622,-0.004827,0.002104,0.000000,17.373,14.767
15.260646,0.000000,0.020000,0.320000,0.000000,0.000000,0.000000,0.108795,0.100261,0.210760,-0.004344,0.001894,0.000000,18.611,15.013
15.280798,0.140000,0.060000,0.000000,0.000000,0.000000,0.000000,0.111915,0.096235,0.189684,-0.003910,0.001704,0.000000,16.462,15.234
15.300673,-0.020000,0.000000,0.240000,0.000000,0.000000,0.000000,0.098724,0.086611,0.194715,-0.003519,0.001534,0.000000,16.975,15.458
15.320663,0.120000,0.080000,0.300000,0.000000,0.000000,0.000000,0.100851,0.085950,0.205244,-0.003167,0.001380,0.000000,18.048,15.684
15.340687,0.080000,0.180000,0.080000,-0.020000,0.000000,0.000000,0.098766,0.095355,0.192719,-0.004850,0.001242,0.000000,16.771,15.863
15.360700,0.060000,0.180000,0.140000,-0.020000,0.000000,0.000000,0.094890,0.103820,0.187447,-0.006365,0.001118,0.000000,16.234,16.020
15.380695,0.000000,0.140000,0.200000,0.000000,0.000000,0.000000,0.085401,0.107438,0.188703,-0.005729,0.001006,0.000000,16.362,16.137
15.400648,0.020000,0.020000,0.380000,0.000000,0.000000,0.000000,0.078861,0.098694,0.207832,-0.005156,0.000906,0.000000,18.312,16.254
15.420824,0.080000,0.060000,0.080000,0.000000,0.000000,0.000000,0.078975,0.094825,0.195049,-0.004640,0.000815,0.000000,17.009,16.376
15.440775,0.100000,0.000000,-0.160000,0.000000,0.000000,0.000000,0.081077,0.085342,0.159544,-0.004176,0.000734,0.000000,13.388,16.404
15.460789,0.120000,0.000000,0.200000,0.000000,0.000000,0.000000,0.084969,0.076808,0.163590,-0.003759,0.000660,0.000000,13.801,16.450
15.480636,0.220000,0.120000,0.220000,0.000000,0.000000,0.000000,0.098472,0.081127,0.169231,-0.003383,0.000594,0.000000,14.376,16.454
15.500501,0.080000,0.260000,0.300000,-0.020000,0.000000,0.000000,0.096625,0.099014,0.182308,-0.005045,0.000535,0.000000,15.710,16.507
15.520635,0.160000,0.140000,0.240000,0.000000,0.000000,0.000000,0.102963,0.103113,0.188077,-0.004540,0.000481,0.000000,16.298,16.571
15.540660,0.100000,0.060000,0.120000,0.000000,0.000000,0.000000,0.102666,0.098802,0.181269,-0.004086,0.000433,0.000000,15.604,16.596
15.560679,0.080000,0.240000,0.000000,-0.020000,0.000000,0.000000,0.100400,0.112921,0.163142,-0.005677,0.000390,0.000000,13.755,16.557
15.580568,-0.020000,0.000000,0.000000,0.000000,0.000000,0.000000,0.088360,0.101629,0.146828,-0.005110,0.000351,0.000000,12.092,16.490
15.600571,0.100000,0.300000,0.280000,-0.020000,0.000000,0.000000,0.089524,0.121466,0.160145,-0.006599,0.000316,0.000000,13.450,16.437
15.620584,-0.020000,0.180000,0.120000,0.000000,0.000000,0.000000,0.078571,0.127320,0.156131,-0.005939,0.000284,0.000000,13.040,16.390
15.640606,-0.060000,0.020000,0.040000,-0.020000,0.000000,0.000000,0.064714,0.116588,0.144518,-0.007345,0.000256,0.000000,11.856,16.351
15.660604,0.000000,0.180000,0.100000,-0.020000,0.000000,0.000000,0.058243,0.122929,0.140066,-0.008610,0.000230,0.000000,11.402,16.268
15.680630,0.040000,0.000000,0.240000,0.000000,0.000000,0.000000,0.056419,0.110636,0.150059,-0.007749,0.000207,0.000000,12.421,16.180
15.700525,-0.020000,0.000000,0.120000,0.000000,0.000000,0.000000,0.048777,0.099573,0.147053,-0.006974,0.000186,0.000000,12.115,16.073
15.720643,0.000000,0.200000,0.120000,-0.020000,0.000000,0.000000,0.043899,0.109615,0.144348,-0.008277,0.000168,0.000000,11.839,15.936
15.740532,0.080000,0.160000,0.160000,0.000000,0.000000,0.000000,0.047509,0.114654,0.145913,-0.007449,0.000151,0.000000,11.998,15.755
15.760660,0.140000,-0.020000,0.260000,0.000000,0.000000,0.000000,0.056758,0.101188,0.157322,-0.006704,0.000136,0.000000,13.162,15.600
15.780679,0.000000,0.000000,0.240000,0.000000,0.000000,0.000000,0.051082,0.091070,0.165590,-0.006034,0.000122,0.000000,14.005,15.461
15.800546,0.140000,0.040000,0.300000,0.000000,0.000000,0.000000,0.059974,0.085963,0.179031,-0.005431,0.000110,0.000000,15.375,15.357
15.820581,0.040000,0.120000,0.140000,0.000000,0.000000,0.000000,0.057977,0.089366,0.175128,-0.004888,0.000099,0.000000,14.977,15.258
15.840590,0.180000,0.180000,0.100000,-0.020000,0.000000,0.000000,0.070179,0.098430,0.167615,-0.006399,0.000089,0.000000,14.211,15.182
15.860608,0.060000,0.160000,0.260000,-0.020000,0.000000,0.000000,0.069161,0.104587,0.176853,-0.007759,0.000080,0.000000,15.153,15.142
15.880663,0.000000,0.200000,0.140000,-0.020000,0.000000,0.000000,0.062245,0.114128,0.173168,-0.008983,0.000072,0.000000,14.778,15.102
15.900500,0.000000,0.240000,0.300000,-0.020000,0.000000,0.000000,0.056021,0.126715,0.185851,-0.010085,0.000065,0.000000,16.071,15.094
15.920637,0.120000,0.200000,0.060000,-0.020000,0.000000,0.000000,0.062418,0.134044,0.173266,-0.011076,0.000059,0.000000,14.788,15.059
15.940519,-0.020000,0.020000,0.040000,0.000000,0.000000,0.000000,0.054177,0.122639,0.159940,-0.009969,0.000053,0.000000,13.429,14.986
15.960539,0.000000,0.060000,0.160000,0.000000,0.000000,0.000000,0.048759,0.116375,0.159946,-0.008972,0.000047,0.000000,13.429,14.937
15.980541,-0.060000,0.000000,0.060000,0.000000,0.000000,0.000000,0.037883,0.104738,0.149951,-0.008075,0.000043,0.000000,12.410,14.872
16.000562,0.080000,0.260000,0.060000,-0.020000,0.000000,0.000000,0.042095,0.120264,0.140956,-0.009267,0.000038,0.000000,11.493,14.806
16.020582,0.040000,0.000000,-0.020000,0.000000,0.000000,0.000000,0.041885,0.108238,0.124860,-0.008340,0.000035,0.000000,9.852,14.693
16.040575,0.120000,0.060000,0.100000,0.000000,0.000000,0.000000,0.049697,0.103414,0.122374,-0.007506,0.000031,0.000000,9.598,14.580
16.060613,0.000000,0.180000,0.140000,-0.020000,0.000000,0.000000,0.044727,0.111073,0.124137,-0.008756,0.000028,0.000000,9.778,14.465
16.080616,0.040000,0.100000,0.100000,0.000000,0.000000,0.000000,0.044254,0.109965,0.121723,-0.007880,0.000025,0.000000,9.532,14.366
16.100625,0.040000,0.020000,0.160000,0.000000,0.000000,0.000000,0.043829,0.100969,0.125551,-0.007092,0.000023,0.000000,9.922,14.261
16.120653,0.120000,-0.020000,-0.040000,0.000000,0.000000,0.000000,0.051446,0.088872,0.108996,-0.006383,0.000020,0.000000,8.234,14.125
16.140664,0.020000,0.000000,0.200000,0.000000,0.000000,0.000000,0.048301,0.079985,0.118096,-0.005745,0.000018,0.000000,9.162,13.999
16.160673,0.000000,-0.100000,0.000000,0.000000,0.000000,0.000000,0.043471,0.061986,0.106287,-0.005170,0.000017,0.000000,7.958,13.857
16.180552,0.200000,-0.040000,0.120000,0.000000,0.000000,0.000000,0.059124,0.051788,0.107658,-0.004653,0.000015,0.000000,8.097,13.705
16.200539,0.040000,0.020000,0.200000,0.000000,0.000000,0.000000,0.057212,0.048609,0.116892,-0.004188,0.000013,0.000000,9.039,13.551
16.220580,0.080000,0.100000,0.100000,0.000000,0.000000,0.000000,0.059491,0.053748,0.115203,-0.003769,0.000012,0.000000,8.867,13.372
16.240597,0.140000,0.040000,0.140000,0.000000,0.000000,0.000000,0.067542,0.052373,0.117683,-0.003392,0.000011,0.000000,9.120,13.207
16.260601,0.020000,0.000000,0.120000,0.000000,0.000000,0.000000,0.062787,0.047136,0.117914,-0.003053,0.000010,0.000000,9.143,13.018
16.280616,-0.020000,-0.100000,0.140000,0.000000,0.000000,0.000000,0.054509,0.032422,0.120123,-0.002748,0.000009,0.000000,9.369,12.876
16.300622,0.060000,-0.040000,0.020000,0.000000,0.000000,0.000000,0.055058,0.025180,0.110111,-0.002473,0.000008,0.000000,8.348,12.704
16.320659,0.100000,-0.040000,0.060000,0.000000,0.000000,0.000000,0.059552,0.018662,0.105100,-0.002226,0.000007,0.000000,7.837,12.499
16.340647,0.120000,0.060000,0.200000,0.000000,0.000000,0.000000,0.065597,0.022796,0.114590,-0.002003,0.000006,0.000000,8.804,12.340
16.360648,0.180000,0.060000,0.120000,0.000000,0.000000,0.000000,0.077037,0.026516,0.115131,-0.001803,0.000006,0.000000,8.859,12.193
16.380673,0.100000,-0.140000,-0.140000,0.000000,0.000000,0.000000,0.079333,0.009865,0.089618,-0.001622,0.000005,0.000000,6.258,11.990
16.400547,0.220000,0.000000,0.280000,0.000000,0.020000,0.000000,0.093400,0.008878,0.108656,-0.001460,0.002005,0.000000,8.199,11.788
16.420705,0.040000,-0.080000,0.100000,0.000000,0.000000,0.000000,0.088060,-0.000010,0.107790,-0.001314,0.001804,0.000000,8.111,11.610
16.440725,0.100000,0.140000,0.080000,0.000000,0.000000,0.000000,0.089254,0.013991,0.105011,-0.001183,0.001624,0.000000,7.828,11.499
16.460590,0.080000,0.060000,0.140000,0.000000,0.000000,0.000000,0.088329,0.018592,0.108510,-0.001064,0.001461,0.000000,8.184,11.387
16.480611,0.000000,-0.020000,-0.040000,0.000000,0.000000,0.000000,0.079496,0.014733,0.093659,-0.000958,0.001315,0.000000,6.670,11.233
16.500622,0.080000,0.160000,0.200000,-0.020000,0.000000,0.000000,0.079546,0.029260,0.104293,-0.002862,0.001184,0.000000,7.754,11.073
16.520646,0.180000,-0.120000,-0.040000,0.000000,0.000000,0.000000,0.089592,0.014334,0.089864,-0.002576,0.001065,0.000000,6.283,10.873
16.540649,0.160000,-0.080000,0.140000,0.000000,0.000000,0.000000,0.096632,0.004900,0.094877,-0.002318,0.000959,0.000000,6.794,10.697
16.560528,0.080000,0.000000,0.140000,0.000000,0.000000,0.000000,0.094969,0.004410,0.099390,-0.002087,0.000863,0.000000,7.254,10.567
16.580792,0.040000,0.000000,0.060000,0.000000,0.000000,0.000000,0.089472,0.003969,0.095451,-0.001878,0.000777,0.000000,6.853,10.462
16.600565,0.140000,0.120000,0.000000,0.000000,0.000000,0.000000,0.094525,0.015572,0.085906,-0.001690,0.000699,0.000000,5.879,10.311
16.620563,0.060000,0.120000,0.200000,0.000000,0.000000,0.000000,0.091073,0.026015,0.097315,-0.001521,0.000629,0.000000,7.043,10.191
16.640605,0.080000,-0.060000,0.160000,0.000000,0.000000,0.000000,0.089965,0.017414,0.103584,-0.001369,0.000566,0.000000,7.682,10.107
16.660589,0.120000,0.020000,-0.100000,0.000000,0.000000,0.000000,0.092969,0.017672,0.083225,-0.001232,0.000510,0.000000,5.606,9.991
16.680752,0.160000,0.000000,-0.020000,0.000000,0.000000,0.000000,0.099672,0.015905,0.072903,-0.001109,0.000459,0.000000,4.553,9.834
16.700611,0.020000,0.020000,-0.120000,0.000000,0.000000,0.000000,0.091705,0.016315,0.053612,-0.000998,0.000413,0.000000,2.586,9.644
16.720624,0.160000,0.060000,0.020000,0.000000,0.000000,0.000000,0.098534,0.020683,0.050251,-0.000898,0.000371,0.000000,2.244,9.452
16.740529,0.040000,-0.020000,0.120000,0.000000,0.000000,0.000000,0.092681,0.016615,0.057226,-0.000808,0.000334,0.000000,2.955,9.271
16.760536,0.080000,0.020000,0.000000,0.000000,0.000000,0.000000,0.091413,0.016953,0.051503,-0.000728,0.000301,0.000000,2.371,9.055
16.780541,0.000000,-0.020000,0.100000,0.000000,0.000000,0.000000,0.082271,0.013258,0.056353,-0.000655,0.000271,0.000000,2.866,8.832
16.800680,0.200000,0.000000,0.000000,0.000000,0.000000,0.000000,0.094044,0.011932,0.050718,-0.000589,0.000244,0.000000,2.291,8.570
16.820573,0.220000,-0.020000,0.100000,0.000000,0.000000,0.000000,0.106640,0.008739,0.055646,-0.000530,0.000219,0.000000,2.794,8.327
16.840724,0.180000,0.100000,-0.020000,0.000000,0.000000,0.000000,0.113976,0.017865,0.048081,-0.000477,0.000197,0.000000,2.022,8.083
16.860742,0.180000,0.280000,-0.120000,-0.020000,0.000000,0.000000,0.120578,0.044079,0.031273,-0.002430,0.000178,0.000000,0.308,7.786
16.880617,0.000000,0.260000,0.080000,-0.020000,0.000000,0.000000,0.108520,0.065671,0.036146,-0.004187,0.000160,0.000000,0.805,7.507
16.900866,0.120000,0.140000,0.000000,-0.020000,0.000000,0.000000,0.109668,0.073104,0.032531,-0.005768,0.000144,0.000000,0.437,7.194
16.920639,0.060000,0.140000,-0.060000,0.000000,0.000000,0.000000,0.104702,0.079793,0.023278,-0.005191,0.000130,0.000000,-0.507,6.888
16.940647,0.060000,0.160000,0.080000,-0.020000,0.000000,0.000000,0.100231,0.087814,0.028950,-0.006672,0.000117,0.000000,0.072,6.621
16.960657,0.140000,0.060000,0.020000,0.000000,0.000000,0.000000,0.104208,0.085033,0.028055,-0.006005,0.000105,0.000000,-0.020,6.352
16.980669,0.040000,0.060000,0.000000,0.000000,0.000000,0.000000,0.097787,0.082529,0.025250,-0.005404,0.000094,0.000000,-0.306,6.098
17.000674,0.200000,0.080000,0.100000,0.000000,0.000000,0.000000,0.108009,0.082276,0.032725,-0.004864,0.000085,0.000000,0.456,5.877
17.020680,0.020000,0.040000,-0.060000,0.000000,0.000000,0.000000,0.099208,0.078049,0.023452,-0.004378,0.000076,0.000000,-0.489,5.670
17.040567,0.020000,0.020000,-0.100000,0.000000,0.000000,0.000000,0.091287,0.072244,0.011107,-0.003940,0.000069,0.000000,-1.748,5.443
17.060559,0.180000,0.120000,0.160000,0.000000,0.000000,0.000000,0.100158,0.077019,0.025996,-0.003546,0.000062,0.000000,-0.230,5.243
17.080572,0.080000,0.000000,0.000000,0.000000,0.000000,0.000000,0.098143,0.069318,0.023397,-0.003191,0.000056,0.000000,-0.495,5.042
17.100761,0.020000,0.120000,0.000000,-0.020000,0.000000,0.000000,0.090328,0.074386,0.021057,-0.004872,0.000050,0.000000,-0.733,4.829
17.120622,0.060000,0.120000,0.200000,-0.020000,0.000000,0.000000,0.087295,0.078947,0.038951,-0.006385,0.000045,0.000000,1.091,4.687
17.140638,0.180000,0.140000,-0.200000,0.000000,0.000000,0.000000,0.096566,0.085052,0.015056,-0.005746,0.000041,0.000000,-1.345,4.476
17.160640,0.160000,0.000000,0.180000,0.000000,0.000000,0.000000,0.102909,0.076547,0.031551,-0.005172,0.000037,0.000000,0.337,4.324
17.180511,0.140000,0.140000,0.000000,0.000000,0.000000,0.000000,0.106618,0.082893,0.028396,-0.004655,0.000033,0.000000,0.015,4.162
17.200546,0.080000,0.100000,0.180000,0.000000,0.000000,0.000000,0.103957,0.084603,0.043556,-0.004189,0.000030,0.000000,1.561,4.013
17.220571,0.200000,0.120000,0.020000,0.000000,0.000000,0.000000,0.113561,0.088143,0.041200,-0.003770,0.000027,0.000000,1.321,3.862
17.240550,0.060000,0.080000,0.100000,0.000000,0.000000,0.000000,0.108205,0.087329,0.047080,-0.003393,0.000024,0.000000,1.920,3.718
17.260275,0.180000,0.080000,0.000000,0.000000,0.000000,0.000000,0.115384,0.086596,0.042372,-0.003054,0.000022,0.000000,1.440,3.564
17.280748,0.200000,0.000000,0.140000,0.000000,0.000000,0.000000,0.123846,0.077936,0.052135,-0.002748,0.000019,0.000000,2.436,3.425
17.300584,0.220000,0.180000,0.060000,-0.020000,0.000000,0.000000,0.133461,0.088143,0.052922,-0.004474,0.000017,0.000000,2.516,3.308
17.320611,0.060000,0.180000,-0.020000,-0.020000,0.000000,0.000000,0.126115,0.097328,0.045629,-0.006026,0.000016,0.000000,1.772,3.187
17.340602,0.000000,0.020000,0.140000,0.000000,0.000000,0.000000,0.113504,0.089595,0.055066,-0.005424,0.000014,0.000000,2.735,3.066
17.360617,0.120000,0.080000,0.080000,0.000000,0.000000,0.000000,0.114153,0.088636,0.057560,-0.004881,0.000013,0.000000,2.989,2.948
17.380670,0.100000,0.020000,0.060000,0.000000,0.000000,0.000000,0.112738,0.081772,0.057804,-0.004393,0.000011,0.000000,3.014,2.884
17.400678,0.120000,0.100000,0.020000,0.000000,0.000000,0.000000,0.113464,0.083595,0.054023,-0.003954,0.000010,0.000000,2.628,2.772
17.420553,0.080000,0.000000,0.080000,0.000000,0.000000,0.000000,0.110118,0.075236,0.056621,-0.003558,0.000009,0.000000,2.893,2.668
17.440688,0.100000,0.120000,0.060000,0.000000,0.000000,0.000000,0.109106,0.079712,0.056959,-0.003203,0.000008,0.000000,2.928,2.570
17.460574,0.300000,0.080000,0.160000,0.000000,0.020000,0.000000,0.128195,0.079741,0.067263,-0.002882,0.002008,0.000000,3.978,2.486
17.480590,0.160000,0.040000,0.120000,0.000000,0.000000,0.000000,0.131376,0.075767,0.072537,-0.002594,0.001807,0.000000,4.516,2.443
17.500621,0.340000,0.180000,0.180000,-0.020000,0.020000,0.000000,0.152238,0.086190,0.083283,-0.004335,0.003626,0.000000,5.612,2.400
17.520623,0.220000,0.120000,0.060000,0.000000,0.000000,0.000000,0.159014,0.089571,0.080955,-0.003901,0.003263,0.000000,5.375,2.382
17.540617,0.080000,0.020000,0.020000,0.000000,0.000000,0.000000,0.151113,0.082614,0.074859,-0.003511,0.002937,0.000000,4.753,2.341
17.560630,0.000000,0.200000,0.060000,-0.020000,0.000000,0.000000,0.136002,0.094353,0.073373,-0.005160,0.002643,0.000000,4.601,2.288
17.580508,0.160000,0.000000,0.200000,0.000000,0.000000,0.000000,0.138402,0.084917,0.086036,-0.004644,0.002379,0.000000,5.893,2.268
17.600653,0.080000,0.140000,0.000000,0.000000,0.000000,0.000000,0.132561,0.090426,0.077432,-0.004180,0.002141,0.000000,5.015,2.251
17.620737,0.000000,0.020000,0.000000,0.000000,0.000000,0.000000,0.119305,0.083383,0.069689,-0.003762,0.001927,0.000000,4.226,2.195
17.640555,0.080000,0.000000,0.280000,0.000000,0.000000,0.000000,0.115375,0.075045,0.090720,-0.003385,0.001734,0.000000,6.370,2.169
17.660587,0.080000,0.060000,0.080000,0.000000,0.000000,0.000000,0.111837,0.073540,0.089648,-0.003047,0.001561,0.000000,6.261,2.182
17.680722,0.000000,0.000000,0.100000,0.000000,0.000000,0.000000,0.100654,0.066186,0.090683,-0.002742,0.001405,0.000000,6.367,2.218
17.700583,0.040000,0.160000,0.120000,-0.020000,0.000000,0.000000,0.094588,0.075568,0.093615,-0.004468,0.001264,0.000000,6.665,2.300
17.720646,0.160000,0.000000,0.120000,0.000000,0.000000,0.000000,0.101129,0.068011,0.096254,-0.004021,0.001138,0.000000,6.935,2.393
17.740619,0.100000,0.000000,-0.160000,0.000000,0.000000,0.000000,0.101016,0.061210,0.070628,-0.003619,0.001024,0.000000,4.321,2.421
17.760554,0.000000,0.000000,0.000000,0.000000,0.000000,0.000000,0.090915,0.055089,0.063565,-0.003257,0.000922,0.000000,3.601,2.445
17.780662,0.040000,-0.060000,0.200000,0.000000,0.000000,0.000000,0.085823,0.043580,0.077209,-0.002931,0.000830,0.000000,4.993,2.488
17.800625,0.180000,0.000000,0.020000,0.000000,0.000000,0.000000,0.095241,0.039222,0.071488,-0.002638,0.000747,0.000000,4.409,2.530
17.820670,0.140000,0.080000,0.100000,0.000000,0.000000,0.000000,0.099717,0.043300,0.074339,-0.002374,0.000672,0.000000,4.700,2.568
17.840550,0.120000,0.000000,-0.120000,0.000000,0.000000,0.000000,0.101745,0.038970,0.054905,-0.002137,0.000605,0.000000,2.718,2.582
17.860572,0.200000,0.000000,0.040000,0.000000,0.000000,0.000000,0.111571,0.035073,0.053415,-0.001923,0.000544,0.000000,2.566,2.627
17.880580,0.100000,0.160000,0.060000,0.000000,0.000000,0.000000,0.110414,0.047565,0.054073,-0.001731,0.000490,0.000000,2.633,2.664
17.900579,0.160000,0.000000,0.060000,0.000000,0.000000,0.000000,0.115372,0.042809,0.054666,-0.001558,0.000441,0.000000,2.694,2.709
17.920359,0.000000,-0.020000,0.100000,0.000000,0.000000,0.000000,0.103835,0.036528,0.059199,-0.001402,0.000397,0.000000,3.156,2.782
17.940613,0.140000,0.000000,0.160000,0.000000,0.000000,0.000000,0.107452,0.032875,0.069279,-0.001262,0.000357,0.000000,4.184,2.865
17.960601,0.160000,-0.060000,0.180000,0.000000,0.000000,0.000000,0.112706,0.023588,0.080351,-0.001136,0.000321,0.000000,5.313,2.971
17.980635,0.040000,0.060000,0.100000,0.000000,0.000000,0.000000,0.105436,0.027229,0.082316,-0.001022,0.000289,0.000000,5.513,3.088
18.000657,0.040000,0.000000,0.140000,0.000000,0.000000,0.000000,0.098892,0.024506,0.088085,-0.000920,0.000260,0.000000,6.102,3.201
18.020640,0.100000,0.000000,0.140000,0.000000,0.000000,0.000000,0.099003,0.022055,0.093276,-0.000828,0.000234,0.000000,6.631,3.343
18.040566,0.100000,0.020000,0.180000,0.000000,0.000000,0.000000,0.099103,0.021850,0.101949,-0.000745,0.000211,0.000000,7.515,3.528
18.060685,0.180000,-0.020000,0.180000,0.000000,0.000000,0.000000,0.107192,0.017665,0.109754,-0.000671,0.000190,0.000000,8.311,3.699
18.080709,0.180000,0.000000,-0.080000,0.000000,0.000000,0.000000,0.114473,0.015898,0.090778,-0.000604,0.000171,0.000000,6.376,3.836
18.100581,0.100000,-0.020000,0.200000,0.000000,0.000000,0.000000,0.113026,0.012309,0.101701,-0.000543,0.000154,0.000000,7.490,4.001
18.120595,0.120000,0.080000,0.020000,0.000000,0.000000,0.000000,0.113723,0.019078,0.093530,-0.000489,0.000138,0.000000,6.657,4.112
18.140622,0.120000,0.040000,-0.060000,0.000000,0.000000,0.000000,0.114351,0.021170,0.078177,-0.000440,0.000125,0.000000,5.091,4.241
18.160657,0.140000,0.040000,-0.080000,0.000000,0.000000,0.000000,0.116916,0.023053,0.062360,-0.000396,0.000112,0.000000,3.478,4.304
18.180649,0.160000,0.060000,0.100000,0.000000,0.000000,0.000000,0.121224,0.026748,0.066124,-0.000356,0.000101,0.000000,3.862,4.381
18.200516,0.100000,0.060000,-0.020000,0.000000,0.000000,0.000000,0.119102,0.030073,0.057511,-0.000321,0.000091,0.000000,2.984,4.409
18.220664,0.000000,-0.100000,0.120000,0.000000,0.000000,0.000000,0.107192,0.017066,0.063760,-0.000289,0.000082,0.000000,3.621,4.455
18.240682,0.080000,0.040000,-0.040000,0.000000,0.000000,0.000000,0.104472,0.019359,0.053384,-0.000260,0.000074,0.000000,2.563,4.468
18.260558,0.180000,0.060000,0.140000,0.000000,0.000000,0.000000,0.112025,0.023423,0.062046,-0.000234,0.000066,0.000000,3.446,4.508
18.280567,0.060000,0.080000,0.040000,0.000000,0.000000,0.000000,0.106823,0.029081,0.059841,-0.000210,0.000060,0.000000,3.222,4.524
18.300641,0.060000,0.020000,0.020000,0.000000,0.000000,0.000000,0.102140,0.028173,0.055857,-0.000189,0.000054,0.000000,2.815,4.530
18.320598,0.120000,0.000000,0.080000,0.000000,0.000000,0.000000,0.103926,0.025355,0.058271,-0.000170,0.000048,0.000000,3.061,4.556
18.340612,0.120000,0.020000,0.060000,0.000000,0.000000,0.000000,0.105534,0.024820,0.058444,-0.000153,0.000043,0.000000,3.079,4.563
18.360619,0.080000,0.000000,-0.040000,0.000000,0.000000,0.000000,0.102980,0.022338,0.048600,-0.000138,0.000039,0.000000,2.075,4.544
18.380776,0.220000,-0.080000,-0.120000,0.000000,0.000000,0.000000,0.114682,0.012104,0.031740,-0.000124,0.000035,0.000000,0.356,4.491
18.400644,0.020000,0.020000,0.080000,0.000000,0.000000,0.000000,0.105214,0.012894,0.036566,-0.000112,0.000032,0.000000,0.848,4.455
18.420659,0.080000,-0.120000,0.180000,0.000000,0.000000,0.000000,0.102693,-0.000396,0.050909,-0.000101,0.000028,0.000000,2.311,4.444
18.440648,0.160000,0.100000,0.020000,0.000000,0.000000,0.000000,0.108423,0.009644,0.047818,-0.000091,0.000026,0.000000,1.996,4.425
18.460538,-0.060000,-0.020000,0.080000,0.000000,0.000000,0.000000,0.091581,0.006680,0.051036,-0.000082,0.000023,0.000000,2.324,4.392
18.480569,0.000000,0.020000,0.120000,0.000000,0.000000,0.000000,0.082423,0.008012,0.057933,-0.000073,0.000021,0.000000,3.027,4.362
18.500570,0.160000,0.020000,0.160000,0.000000,0.000000,0.000000,0.090181,0.009210,0.068140,-0.000066,0.000019,0.000000,4.068,4.331
18.520586,0.060000,-0.020000,-0.060000,0.000000,0.000000,0.000000,0.087163,0.006289,0.055326,-0.000059,0.000017,0.000000,2.761,4.279
18.540596,0.160000,0.060000,-0.080000,0.000000,0.000000,0.000000,0.094446,0.011660,0.041793,-0.000053,0.000015,0.000000,1.381,4.212
18.560615,-0.080000,0.000000,0.120000,0.000000,0.000000,0.000000,0.077002,0.010494,0.049614,-0.000048,0.000014,0.000000,2.179,4.163
18.580505,0.140000,0.000000,-0.040000,0.000000,0.000000,0.000000,0.083302,0.009445,0.040652,-0.000043,0.000012,0.000000,1.265,4.071
18.600672,0.160000,0.000000,0.060000,0.000000,0.000000,0.000000,0.090971,0.008500,0.042587,-0.000039,0.000011,0.000000,1.462,4.000
18.620655,0.020000,0.140000,0.260000,-0.020000,0.000000,0.000000,0.083874,0.021650,0.064328,-0.002035,0.000010,0.000000,3.679,3.989
18.640662,0.020000,0.060000,0.120000,0.000000,0.000000,0.000000,0.077487,0.025485,0.069896,-0.001832,0.000009,0.000000,4.247,3.946
18.660664,0.080000,-0.020000,0.060000,0.000000,0.000000,0.000000,0.077738,0.020937,0.068906,-0.001648,0.000008,0.000000,4.146,3.904
18.680579,0.040000,0.160000,0.100000,-0.020000,0.000000,0.000000,0.073964,0.034843,0.072015,-0.003484,0.000007,0.000000,4.463,3.866
18.700707,0.000000,0.020000,0.000000,0.000000,0.000000,0.000000,0.066568,0.033359,0.064814,-0.003135,0.000007,0.000000,3.729,3.807
18.720590,0.040000,0.080000,-0.020000,0.000000,0.000000,0.000000,0.063911,0.038023,0.056332,-0.002822,0.000006,0.000000,2.864,3.726
18.740775,0.000000,0.060000,-0.040000,0.000000,0.000000,0.000000,0.057520,0.040221,0.046699,-0.002540,0.000005,0.000000,1.881,3.677
18.760605,0.220000,0.140000,0.000000,0.000000,0.000000,0.000000,0.073768,0.050199,0.042029,-0.002286,0.000005,0.000000,1.405,3.633
18.780657,0.040000,0.120000,-0.060000,0.000000,0.000000,0.000000,0.070391,0.057179,0.031826,-0.002057,0.000004,0.000000,0.365,3.540
18.800629,-0.020000,0.060000,0.060000,0.000000,0.000000,0.000000,0.061352,0.057461,0.034644,-0.001851,0.000004,0.000000,0.652,3.465
18.820631,0.120000,0.080000,-0.040000,0.000000,0.000000,0.000000,0.067217,0.059715,0.027179,-0.001666,0.000003,0.000000,-0.109,3.369
18.840661,-0.080000,0.140000,0.060000,-0.020000,0.000000,0.000000,0.052495,0.067743,0.030461,-0.003500,0.000003,0.000000,0.226,3.319
18.860668,0.080000,0.080000,0.060000,0.000000,0.000000,0.000000,0.055246,0.068969,0.033415,-0.003150,0.000003,0.000000,0.527,3.278
18.880564,0.140000,0.120000,-0.040000,0.000000,0.000000,0.000000,0.063721,0.074072,0.026074,-0.002835,0.000003,0.000000,-0.222,3.221
18.900559,0.060000,0.100000,0.060000,0.000000,0.000000,0.000000,0.063349,0.076665,0.029466,-0.002551,0.000002,0.000000,0.124,3.170
18.920566,0.140000,0.000000,0.100000,0.000000,0.000000,0.000000,0.071014,0.068998,0.036520,-0.002296,0.000002,0.000000,0.843,3.124
18.940585,-0.020000,0.060000,-0.080000,0.000000,0.000000,0.000000,0.061913,0.068099,0.024868,-0.002066,0.000002,0.000000,-0.345,3.033
18.960580,0.120000,0.120000,-0.280000,0.000000,0.000000,0.000000,0.067721,0.073289,-0.005619,-0.001860,0.000002,0.000000,-3.454,2.858
18.980634,0.060000,0.180000,0.000000,-0.020000,0.000000,0.000000,0.066949,0.083960,-0.005057,-0.003674,0.000001,0.000000,-3.396,2.680
19.000552,0.060000,0.160000,0.120000,-0.020000,0.000000,0.000000,0.066254,0.091564,0.007449,-0.005306,0.000001,0.000000,-2.121,2.515
19.020616,-0.100000,0.000000,0.100000,0.000000,0.000000,0.000000,0.049629,0.082407,0.016704,-0.004776,0.000001,0.000000,-1.177,2.359
19.040670,0.100000,0.120000,0.020000,0.000000,0.000000,0.000000,0.054666,0.086167,0.017033,-0.004298,0.000001,0.000000,-1.144,2.186
19.060584,0.080000,0.260000,0.020000,-0.020000,0.000000,0.000000,0.057199,0.103550,0.017330,-0.005868,0.000001,0.000000,-1.113,1.997
19.080615,0.120000,0.140000,0.200000,-0.020000,0.000000,0.000000,0.063479,0.107195,0.035597,-0.007282,0.000001,0.000000,0.749,1.885
19.100682,0.020000,0.120000,0.060000,0.000000,0.000000,0.000000,0.059132,0.108476,0.038037,-0.006553,0.000001,0.000000,0.998,1.755
19.120599,0.100000,0.020000,0.160000,0.000000,0.000000,0.000000,0.063218,0.099628,0.050234,-0.005898,0.000001,0.000000,2.242,1.667
19.140642,0.180000,0.120000,0.140000,0.000000,0.000000,0.000000,0.074897,0.101665,0.059210,-0.005308,0.000001,0.000000,3.157,1.628
19.160690,0.080000,0.180000,0.180000,-0.020000,0.000000,0.000000,0.075407,0.109499,0.071289,-0.006777,0.000001,0.000000,4.389,1.646
19.180627,-0.080000,0.000000,0.220000,0.000000,0.000000,0.000000,0.059866,0.098549,0.086160,-0.006100,0.000001,0.000000,5.905,1.687
19.200676,0.140000,0.180000,0.240000,-0.020000,0.000000,0.000000,0.067880,0.106694,0.101544,-0.007490,0.000000,0.000000,7.474,1.777
19.220583,0.120000,-0.020000,0.320000,0.000000,0.000000,0.000000,0.073092,0.094025,0.123390,-0.006741,0.000000,0.000000,9.702,1.898
19.240635,0.120000,0.100000,0.180000,0.000000,0.000000,0.000000,0.077782,0.094622,0.129051,-0.006067,0.000000,0.000000,10.279,2.053
19.260673,0.120000,0.280000,0.280000,-0.020000,0.000000,0.000000,0.082004,0.113160,0.144146,-0.007460,0.000000,0.000000,11.818,2.220
19.280591,0.000000,0.280000,0.140000,-0.020000,0.000000,0.000000,0.073804,0.129844,0.143731,-0.008714,0.000000,0.000000,11.776,2.391
19.300714,0.220000,0.180000,0.260000,-0.020000,0.000000,0.000000,0.088423,0.134859,0.155358,-0.009843,0.000000,0.000000,12.962,2.594
19.320687,0.060000,0.060000,0.220000,0.000000,0.000000,0.000000,0.085581,0.127374,0.161822,-0.008858,0.000000,0.000000,13.621,2.805
19.340600,0.120000,0.140000,0.220000,0.000000,0.000000,0.000000,0.089023,0.128636,0.167640,-0.007973,0.000000,0.000000,14.214,3.028
19.360690,0.020000,0.080000,0.100000,0.000000,0.000000,0.000000,0.082121,0.123773,0.160876,-0.007175,0.000000,0.000000,13.524,3.257
19.380575,0.160000,0.140000,0.120000,0.000000,0.000000,0.000000,0.089909,0.125395,0.156788,-0.006458,0.000000,0.000000,13.107,3.512
19.400619,0.000000,0.140000,0.180000,-0.020000,0.000000,0.000000,0.080918,0.126856,0.159110,-0.007812,0.000000,0.000000,13.344,3.762
19.420707,0.060000,0.200000,0.020000,-0.020000,0.000000,0.000000,0.078826,0.134170,0.145199,-0.009031,0.000000,0.000000,11.926,3.954
19.440602,0.020000,0.080000,0.120000,0.000000,0.000000,0.000000,0.072943,0.128753,0.142679,-0.008128,0.000000,0.000000,11.669,4.148
19.460667,0.120000,0.140000,0.320000,-0.020000,0.000000,0.000000,0.077649,0.129878,0.160411,-0.009315,0.000000,0.000000,13.477,4.371
19.480713,0.000000,0.180000,0.180000,-0.020000,0.000000,0.000000,0.069884,0.134890,0.162370,-0.010383,0.000000,0.000000,13.677,4.584
19.500617,0.080000,0.120000,0.220000,0.000000,0.000000,0.000000,0.070896,0.133401,0.168133,-0.009345,0.000000,0.000000,14.264,4.788
19.520682,-0.100000,0.000000,0.180000,0.000000,0.000000,0.000000,0.053806,0.120061,0.169320,-0.008411,0.000000,0.000000,14.385,5.020
19.540751,0.040000,0.120000,0.180000,0.000000,0.000000,0.000000,0.052426,0.120055,0.170388,-0.007570,0.000000,0.000000,14.494,5.283
19.560630,0.060000,0.100000,0.220000,0.000000,0.000000,0.000000,0.053183,0.118049,0.175349,-0.006813,0.000000,0.000000,15.000,5.539
19.580739,0.060000,0.300000,0.200000,-0.020000,0.000000,0.000000,0.053865,0.136244,0.177814,-0.008131,0.000000,0.000000,15.251,5.819
19.600657,0.020000,0.140000,0.280000,0.000000,0.000000,0.000000,0.050478,0.136620,0.188033,-0.007318,0.000000,0.000000,16.293,6.115
19.620701,-0.020000,0.040000,0.180000,0.000000,0.000000,0.000000,0.043430,0.126958,0.187229,-0.006586,0.000000,0.000000,16.211,6.366
19.640713,0.000000,0.180000,0.200000,-0.020000,0.000000,0.000000,0.039087,0.132262,0.188506,-0.007928,0.000000,0.000000,16.342,6.608
19.660646,0.040000,0.200000,0.180000,-0.020000,0.000000,0.000000,0.039179,0.139036,0.187656,-0.009135,0.000000,0.000000,16.255,6.850
19.680700,0.140000,0.160000,0.160000,-0.020000,0.000000,0.000000,0.049261,0.141132,0.184890,-0.010221,0.000000,0.000000,15.973,7.080
19.700659,0.040000,0.200000,0.220000,-0.020000,0.000000,0.000000,0.048335,0.147019,0.188401,-0.011199,0.000000,0.000000,16.331,7.332
19.720684,0.100000,0.060000,0.380000,0.000000,0.000000,0.000000,0.053501,0.138317,0.207561,-0.010079,0.000000,0.000000,18.285,7.641
19.740729,0.020000,0.060000,0.220000,0.000000,0.000000,0.000000,0.050151,0.130486,0.208805,-0.009071,0.000000,0.000000,18.412,7.971
19.760791,0.000000,0.040000,0.020000,0.000000,0.000000,0.000000,0.045136,0.121437,0.189924,-0.008164,0.000000,0.000000,16.486,8.273
19.780694,-0.020000,0.060000,0.220000,-0.020000,0.000000,0.000000,0.038622,0.115293,0.192932,-0.009348,0.000000,0.000000,16.793,8.602
19.800611,0.060000,0.140000,0.140000,-0.020000,0.000000,0.000000,0.040760,0.117764,0.187639,-0.010413,0.000000,0.000000,16.253,8.914
19.820665,0.060000,0.080000,0.280000,0.000000,0.000000,0.000000,0.042684,0.113988,0.196875,-0.009372,0.000000,0.000000,17.195,9.260
19.840714,0.140000,0.140000,0.300000,-0.020000,0.000000,0.000000,0.052416,0.116589,0.207187,-0.010435,0.000000,0.000000,18.247,9.620
19.860625,0.000000,0.180000,0.120000,-0.020000,0.000000,0.000000,0.047174,0.122930,0.198469,-0.011391,0.000000,0.000000,17.358,9.957
19.880690,0.020000,0.060000,0.140000,0.000000,0.000000,0.000000,0.044457,0.116637,0.192622,-0.010252,0.000000,0.000000,16.761,10.296
19.900570,0.100000,0.080000,0.020000,0.000000,0.000000,0.000000,0.050011,0.112973,0.175360,-0.009227,0.000000,0.000000,15.001,10.594
19.920629,0.000000,0.080000,0.140000,0.000000,0.000000,0.000000,0.045010,0.109676,0.171824,-0.008304,0.000000,0.000000,14.641,10.870
19.940695,0.040000,0.100000,0.120000,0.000000,0.000000,0.000000,0.044509,0.108708,0.166641,-0.007474,0.000000,0.000000,14.112,11.159
19.960748,0.140000,0.060000,0.260000,0.000000,0.000000,0.000000,0.054058,0.103837,0.175977,-0.006726,0.000000,0.000000,15.064,11.529
19.980649,0.180000,0.140000,0.240000,0.000000,0.000000,0.000000,0.066652,0.107454,0.182379,-0.006054,0.000000,0.000000,15.717,11.912
20.000691,0.060000,-0.020000,0.220000,0.000000,0.000000,0.000000,0.065987,0.094708,0.186142,-0.005448,0.000000,0.000000,16.101,12.276
20.020632,0.120000,0.020000,0.080000,0.000000,0.000000,0.000000,0.071388,0.087238,0.175527,-0.004904,0.000000,0.000000,15.018,12.600
20.040685,0.080000,0.120000,0.280000,0.000000,0.000000,0.000000,0.072249,0.090514,0.185975,-0.004413,0.000000,0.000000,16.084,12.944
20.060707,0.000000,0.040000,0.320000,0.000000,0.000000,0.000000,0.065025,0.085462,0.199377,-0.003972,0.000000,0.000000,17.450,13.316
20.080638,0.020000,0.180000,0.120000,-0.020000,0.000000,0.000000,0.060522,0.094916,0.191439,-0.005575,0.000000,0.000000,16.641,13.634
20.100670,0.060000,0.200000,0.200000,-0.020000,0.000000,0.000000,0.060470,0.105425,0.192295,-0.007017,0.000000,0.000000,16.728,13.948
20.120618,0.020000,0.120000,0.280000,-0.020000,0.000000,0.000000,0.056423,0.106882,0.201066,-0.008315,0.000000,0.000000,17.622,14.256
20.140657,0.000000,0.120000,0.060000,0.000000,0.000000,0.000000,0.050781,0.108194,0.186959,-0.007484,0.000000,0.000000,16.184,14.516
20.160728,0.040000,0.100000,0.000000,0.000000,0.000000,0.000000,0.049703,0.107374,0.168263,-0.006736,0.000000,0.000000,14.278,14.714
20.180815,0.040000,0.140000,0.120000,-0.020000,0.000000,0.000000,0.048732,0.110637,0.163437,-0.008062,0.000000,0.000000,13.785,14.872
20.200667,0.020000,0.060000,0.240000,0.000000,0.000000,0.000000,0.045859,0.105573,0.171093,-0.007256,0.000000,0.000000,14.566,15.014
20.220678,0.180000,0.080000,0.160000,0.000000,0.000000,0.000000,0.059273,0.103016,0.169984,-0.006530,0.000000,0.000000,14.453,15.109
20.240651,0.100000,0.100000,-0.040000,-0.020000,0.000000,0.000000,0.063346,0.102714,0.148986,-0.007877,0.000000,0.000000,12.312,15.149
20.260698,0.060000,0.240000,0.020000,-0.020000,0.000000,0.000000,0.063011,0.116443,0.136087,-0.009089,0.000000,0.000000,10.996,15.133
20.280768,0.000000,0.120000,0.220000,-0.020000,0.000000,0.000000,0.056710,0.116799,0.144478,-0.010181,0.000000,0.000000,11.852,15.134
20.300674,0.040000,0.100000,0.120000,0.000000,0.000000,0.000000,0.055039,0.115119,0.142031,-0.009162,0.000000,0.000000,11.602,15.107
20.320578,0.180000,0.120000,0.060000,0.000000,0.000000,0.000000,0.067535,0.115607,0.133827,-0.008246,0.000000,0.000000,10.766,15.050
20.340621,0.000000,0.120000,0.180000,0.000000,0.000000,0.000000,0.060782,0.116046,0.138445,-0.007422,0.000000,0.000000,11.237,14.990
20.360706,-0.020000,0.020000,-0.060000,0.000000,0.000000,0.000000,0.052704,0.106442,0.118600,-0.006679,0.000000,0.000000,9.213,14.904
20.380623,0.200000,0.040000,0.240000,0.000000,0.020000,0.000000,0.067433,0.099797,0.130740,-0.006011,0.002000,0.000000,10.451,14.851
20.400647,0.000000,0.100000,0.000000,0.000000,0.000000,0.000000,0.060690,0.099818,0.117666,-0.005410,0.001800,0.000000,9.118,14.767
20.420686,0.080000,0.140000,0.220000,-0.020000,0.000000,0.000000,0.062621,0.103836,0.127900,-0.006869,0.001620,0.000000,10.162,14.731
20.440606,-0.020000,0.060000,0.060000,0.000000,0.000000,0.000000,0.054359,0.099452,0.121110,-0.006182,0.001458,0.000000,9.469,14.687
20.460675,0.020000,0.120000,0.140000,0.000000,0.000000,0.000000,0.050923,0.101507,0.122999,-0.005564,0.001312,0.000000,9.662,14.611
20.480738,0.180000,0.080000,0.200000,0.000000,0.020000,0.000000,0.063831,0.099356,0.130699,-0.005008,0.003181,0.000000,10.447,14.546
20.500650,0.060000,0.060000,0.080000,0.000000,0.000000,0.000000,0.063448,0.095421,0.125629,-0.004507,0.002863,0.000000,9.930,14.460
20.520696,0.080000,-0.180000,0.100000,0.000000,0.000000,0.000000,0.065103,0.067879,0.123066,-0.004056,0.002577,0.000000,9.669,14.365
20.540618,0.080000,-0.020000,0.100000,0.000000,0.000000,0.000000,0.066593,0.059091,0.120759,-0.003651,0.002319,0.000000,9.433,14.264
20.560657,0.140000,-0.020000,0.060000,0.000000,0.000000,0.000000,0.073933,0.051182,0.114683,-0.003286,0.002087,0.000000,8.814,14.140
20.580590,0.100000,-0.040000,0.000000,0.000000,0.000000,0.000000,0.076540,0.042064,0.103215,-0.002957,0.001878,0.000000,7.644,13.988
20.600638,0.080000,0.080000,0.020000,0.000000,0.000000,0.000000,0.076886,0.045857,0.094894,-0.002661,0.001691,0.000000,6.796,13.798
20.620684,0.220000,0.120000,-0.040000,-0.020000,0.000000,0.000000,0.091197,0.053271,0.081404,-0.004395,0.001521,0.000000,5.420,13.583
20.640599,0.080000,0.000000,0.060000,0.000000,0.000000,0.000000,0.090078,0.047944,0.079264,-0.003956,0.001369,0.000000,5.202,13.360
20.660651,0.120000,-0.020000,0.120000,0.000000,0.000000,0.000000,0.093070,0.041150,0.083337,-0.003560,0.001232,0.000000,5.617,13.147
20.680573,0.100000,0.060000,-0.060000,0.000000,0.000000,0.000000,0.093763,0.043035,0.069004,-0.003204,0.001109,0.000000,4.156,12.911
20.700625,0.060000,-0.060000,0.000000,0.000000,0.000000,0.000000,0.090387,0.032731,0.062103,-0.002884,0.000998,0.000000,3.452,12.653
20.720684,0.160000,0.080000,0.120000,0.000000,0.000000,0.000000,0.097348,0.037458,0.067893,-0.002595,0.000898,0.000000,4.043,12.368
20.740568,0.020000,0.120000,0.020000,0.000000,0.000000,0.000000,0.089613,0.045712,0.063104,-0.002336,0.000809,0.000000,3.554,12.071
20.760664,0.180000,-0.080000,0.060000,0.000000,0.000000,0.000000,0.098652,0.033141,0.062793,-0.002102,0.000728,0.000000,3.523,11.812
20.780686,0.040000,0.140000,0.000000,0.000000,0.000000,0.000000,0.092787,0.043827,0.056514,-0.001892,0.000655,0.000000,2.882,11.534
20.800613,0.000000,0.180000,-0.060000,0.000000,0.000000,0.000000,0.083508,0.057444,0.044863,-0.001703,0.000589,0.000000,1.694,11.242
20.820676,0.020000,-0.120000,0.020000,0.000000,0.000000,0.000000,0.077157,0.039700,0.042376,-0.001533,0.000530,0.000000,1.441,10.927
20.840680,0.160000,0.020000,0.000000,0.000000,0.000000,0.000000,0.085441,0.037730,0.038139,-0.001379,0.000477,0.000000,1.008,10.583
20.860604,0.040000,0.020000,0.060000,0.000000,0.000000,0.000000,0.080897,0.035957,0.040325,-0.001241,0.000430,0.000000,1.231,10.260
20.880672,0.040000,-0.020000,0.000000,0.000000,0.000000,0.000000,0.076808,0.030361,0.036292,-0.001117,0.000387,0.000000,0.820,9.941
20.900709,0.140000,0.000000,0.000000,0.000000,0.000000,0.000000,0.083127,0.027325,0.032663,-0.001005,0.000348,0.000000,0.450,9.650
20.920606,0.200000,0.000000,0.080000,0.000000,0.000000,0.000000,0.094814,0.024593,0.037397,-0.000905,0.000313,0.000000,0.933,9.376
20.940677,0.240000,-0.120000,0.180000,0.000000,0.020000,0.000000,0.109333,0.010133,0.051657,-0.000814,0.002282,0.000000,2.387,9.142
20.960730,0.100000,0.060000,-0.360000,0.000000,0.000000,0.000000,0.108399,0.015120,0.010491,-0.000733,0.002054,0.000000,-1.811,8.804
20.980789,0.080000,0.020000,0.060000,0.000000,0.000000,0.000000,0.105560,0.015608,0.015442,-0.000660,0.001848,0.000000,-1.306,8.464
21.000774,0.120000,-0.100000,0.000000,0.000000,0.000000,0.000000,0.107004,0.004047,0.013898,-0.000594,0.001664,0.000000,-1.463,8.112
21.020765,0.120000,0.080000,0.100000,0.000000,0.000000,0.000000,0.108303,0.011642,0.022508,-0.000534,0.001497,0.000000,-0.585,7.800
21.040662,0.140000,-0.020000,0.080000,0.000000,0.000000,0.000000,0.111473,0.008478,0.028257,-0.000481,0.001347,0.000000,0.001,7.479
21.060744,0.040000,0.000000,0.000000,0.000000,0.000000,0.000000,0.104326,0.007630,0.025432,-0.000433,0.001213,0.000000,-0.287,7.124
21.080780,0.120000,0.000000,0.060000,0.000000,0.000000,0.000000,0.105893,0.006867,0.028889,-0.000390,0.001091,0.000000,0.065,6.792
21.100699,0.060000,-0.080000,0.000000,0.000000,0.000000,0.000000,0.101304,-0.001819,0.026000,-0.000351,0.000982,0.000000,-0.229,6.453
21.120611,0.200000,0.080000,0.060000,0.000000,0.000000,0.000000,0.111173,0.006363,0.029400,-0.000316,0.000884,0.000000,0.117,6.103
21.140664,0.140000,-0.040000,0.320000,0.000000,0.000000,0.000000,0.114056,0.001726,0.058460,-0.000284,0.000796,0.000000,3.081,5.841
21.160702,0.080000,0.060000,0.040000,0.000000,0.000000,0.000000,0.110650,0.007554,0.056614,-0.000256,0.000716,0.000000,2.892,5.613
21.180602,0.240000,0.000000,0.380000,0.000000,0.020000,0.000000,0.123585,0.006798,0.088952,-0.000230,0.002644,0.000000,6.190,5.461
21.200666,0.200000,0.060000,-0.080000,0.000000,0.000000,0.000000,0.131227,0.012118,0.072057,-0.000207,0.002380,0.000000,4.467,5.259
21.220593,0.100000,0.020000,0.140000,0.000000,0.000000,0.000000,0.128104,0.012907,0.078851,-0.000186,0.002142,0.000000,5.160,5.074
21.240617,0.060000,0.000000,0.000000,0.000000,0.000000,0.000000,0.121294,0.011616,0.070966,-0.000168,0.001928,0.000000,4.356,4.914
21.260714,0.000000,0.000000,-0.020000,0.000000,0.000000,0.000000,0.109164,0.010454,0.061870,-0.000151,0.001735,0.000000,3.428,4.763
21.280621,0.000000,0.060000,0.020000,0.000000,0.000000,0.000000,0.098248,0.015409,0.057683,-0.000136,0.001562,0.000000,3.001,4.586
21.300648,0.080000,0.060000,0.000000,0.000000,0.000000,0.000000,0.096423,0.019868,0.051914,-0.000122,0.001405,0.000000,2.413,4.402
21.320578,0.060000,-0.080000,0.140000,0.000000,0.000000,0.000000,0.092781,0.009881,0.060723,-0.000110,0.001265,0.000000,3.311,4.253
21.340626,0.140000,0.060000,0.140000,0.000000,0.000000,0.000000,0.097503,0.014893,0.068651,-0.000099,0.001138,0.000000,4.120,4.111
21.360683,0.080000,0.000000,0.000000,0.000000,0.000000,0.000000,0.095752,0.013404,0.061786,-0.000089,0.001025,0.000000,3.420,3.995
21.380575,0.060000,0.000000,0.060000,0.000000,0.000000,0.000000,0.092177,0.012063,0.061607,-0.000080,0.000922,0.000000,3.402,3.854
21.400630,0.100000,0.020000,0.060000,0.000000,0.000000,0.000000,0.092959,0.012857,0.061446,-0.000072,0.000830,0.000000,3.385,3.739
21.420546,0.120000,0.000000,-0.020000,0.000000,0.000000,0.000000,0.095664,0.011571,0.053302,-0.000065,0.000747,0.000000,2.555,3.587
21.440607,-0.060000,0.000000,-0.020000,0.000000,0.000000,0.000000,0.080097,0.010414,0.045972,-0.000058,0.000672,0.000000,1.807,3.434
21.460654,0.280000,0.060000,-0.020000,0.000000,0.020000,0.000000,0.100087,0.015373,0.039374,-0.000053,0.002605,0.000000,1.134,3.263
21.480711,0.120000,0.060000,-0.080000,0.000000,0.000000,0.000000,0.102079,0.019836,0.027437,-0.000047,0.002344,0.000000,-0.083,3.053
21.500622,0.000000,0.000000,0.120000,0.000000,0.000000,0.000000,0.091871,0.017852,0.036693,-0.000043,0.002110,0.000000,0.861,2.871
21.520679,0.000000,0.080000,-0.100000,0.000000,0.000000,0.000000,0.082684,0.024067,0.023024,-0.000038,0.001899,0.000000,-0.533,2.667
21.540613,0.080000,-0.060000,0.220000,0.000000,0.000000,0.000000,0.082415,0.015660,0.042722,-0.000035,0.001709,0.000000,1.476,2.508
21.560660,0.160000,0.000000,0.040000,0.000000,0.000000,0.000000,0.090174,0.014094,0.042449,-0.000031,0.001538,0.000000,1.448,2.361
21.580701,0.080000,0.000000,0.000000,0.000000,0.000000,0.000000,0.089156,0.012685,0.038204,-0.000028,0.001384,0.000000,1.015,2.228
21.600636,0.180000,-0.160000,0.100000,0.000000,0.020000,0.000000,0.098241,-0.004584,0.044384,-0.000025,0.003246,0.000000,1.645,2.125
21.620681,-0.060000,0.260000,0.060000,0.000000,0.020000,0.000000,0.082417,0.021875,0.045946,-0.000023,0.004921,0.000000,1.805,2.053
21.640596,0.100000,-0.060000,0.000000,0.000000,0.000000,0.000000,0.084175,0.013687,0.041351,-0.000020,0.004429,0.000000,1.336,1.976
21.660637,-0.020000,0.120000,0.200000,0.000000,0.000000,0.000000,0.073758,0.024318,0.057216,-0.000018,0.003986,0.000000,2.954,1.922
21.680693,-0.020000,0.200000,0.040000,-0.020000,0.000000,0.000000,0.064382,0.041887,0.055494,-0.002017,0.003588,0.000000,2.778,1.895
21.700756,0.120000,0.080000,0.240000,0.000000,0.000000,0.000000,0.069944,0.045698,0.073945,-0.001815,0.003229,0.000000,4.660,1.919
21.720681,0.240000,0.140000,0.240000,0.000000,0.000000,0.000000,0.086949,0.055128,0.090550,-0.001633,0.002906,0.000000,6.353,1.965
21.740710,0.000000,0.200000,0.140000,-0.020000,0.000000,0.000000,0.078254,0.069615,0.095495,-0.003470,0.002615,0.000000,6.857,2.031
21.760639,0.200000,0.140000,0.300000,-0.020000,0.000000,0.000000,0.090429,0.076654,0.115946,-0.005123,0.002354,0.000000,8.943,2.140
21.780743,0.020000,0.100000,0.340000,0.000000,0.000000,0.000000,0.083386,0.078988,0.138351,-0.004611,0.002118,0.000000,11.227,2.307
21.800607,0.020000,0.160000,-0.080000,-0.020000,0.000000,0.000000,0.077047,0.087090,0.116516,-0.006150,0.001907,0.000000,9.001,2.453
21.820641,0.040000,0.080000,0.340000,0.000000,0.000000,0.000000,0.073343,0.086381,0.138865,-0.005535,0.001716,0.000000,11.280,2.650
21.840692,0.000000,-0.020000,0.060000,0.000000,0.000000,0.000000,0.066008,0.075743,0.130978,-0.004981,0.001544,0.000000,10.475,2.839
21.860657,-0.060000,0.120000,0.260000,0.000000,0.000000,0.000000,0.053408,0.080168,0.143880,-0.004483,0.001390,0.000000,11.791,3.050
21.880681,0.120000,0.020000,0.180000,0.000000,0.000000,0.000000,0.060067,0.074151,0.147492,-0.004035,0.001251,0.000000,12.159,3.277
21.900734,0.120000,0.020000,0.200000,0.000000,0.000000,0.000000,0.066060,0.068736,0.152743,-0.003631,0.001126,0.000000,12.695,3.522
21.920660,0.020000,0.160000,0.160000,0.000000,0.000000,0.000000,0.061454,0.077863,0.153469,-0.003268,0.001013,0.000000,12.769,3.758
21.940701,0.280000,0.000000,0.100000,0.000000,0.020000,0.000000,0.083309,0.070076,0.148122,-0.002941,0.002912,0.000000,12.224,3.955
21.960736,0.020000,0.040000,0.180000,0.000000,0.000000,0.000000,0.076978,0.067069,0.151310,-0.002647,0.002621,0.000000,12.549,4.242
21.980749,-0.020000,0.180000,0.040000,-0.020000,0.000000,0.000000,0.067280,0.078362,0.140179,-0.004383,0.002359,0.000000,11.414,4.497
22.000689,0.000000,0.020000,0.280000,0.000000,0.000000,0.000000,0.060552,0.072526,0.154161,-0.003944,0.002123,0.000000,12.839,4.783
22.020626,0.200000,0.140000,0.180000,0.000000,0.000000,0.000000,0.074497,0.079273,0.156745,-0.003550,0.001911,0.000000,13.103,5.057
22.040648,0.020000,0.040000,0.000000,0.000000,0.000000,0.000000,0.069047,0.075346,0.141070,-0.003195,0.001719,0.000000,11.505,5.287
22.060597,0.040000,0.080000,-0.060000,0.000000,0.000000,0.000000,0.066142,0.075811,0.120963,-0.002875,0.001548,0.000000,9.454,5.482
22.080645,0.040000,0.260000,0.000000,-0.020000,0.000000,0.000000,0.063528,0.094230,0.108867,-0.004588,0.001393,0.000000,8.221,5.645
22.100571,0.040000,0.000000,-0.120000,0.000000,0.000000,0.000000,0.061175,0.084807,0.085980,-0.004129,0.001253,0.000000,5.887,5.767
22.120618,0.040000,0.060000,0.100000,0.000000,0.000000,0.000000,0.059058,0.082326,0.087382,-0.003716,0.001128,0.000000,6.030,5.885
22.140659,0.020000,0.020000,-0.020000,0.000000,0.000000,0.000000,0.055152,0.076094,0.076644,-0.003345,0.001015,0.000000,4.935,5.922
22.160576,0.200000,-0.040000,0.000000,0.000000,0.000000,0.000000,0.069637,0.064484,0.068980,-0.003010,0.000914,0.000000,4.153,5.948
22.180648,0.140000,0.020000,0.060000,0.000000,0.000000,0.000000,0.076673,0.060036,0.068082,-0.002709,0.000822,0.000000,4.062,5.905
22.200536,0.140000,0.180000,0.120000,-0.020000,0.000000,0.000000,0.083006,0.072032,0.073273,-0.004438,0.000740,0.000000,4.591,5.907
22.220610,0.140000,-0.060000,0.020000,0.000000,0.000000,0.000000,0.088705,0.058829,0.067946,-0.003994,0.000666,0.000000,4.048,5.885
22.240659,0.020000,0.000000,0.120000,0.000000,0.000000,0.000000,0.081835,0.052946,0.073152,-0.003595,0.000600,0.000000,4.579,5.890
22.260698,0.020000,0.000000,-0.140000,0.000000,0.000000,0.000000,0.075651,0.047652,0.051836,-0.003235,0.000540,0.000000,2.405,5.869
22.280610,-0.040000,0.120000,0.000000,0.000000,0.000000,0.000000,0.064086,0.054886,0.046653,-0.002912,0.000486,0.000000,1.877,5.847
22.300665,0.200000,0.060000,0.000000,0.000000,0.000000,0.000000,0.077678,0.055398,0.041987,-0.002621,0.000437,0.000000,1.401,5.826
22.320588,0.060000,0.140000,0.120000,0.000000,0.000000,0.000000,0.075910,0.063858,0.049789,-0.002359,0.000393,0.000000,2.196,5.804
22.340628,-0.080000,0.040000,0.060000,0.000000,0.000000,0.000000,0.060319,0.061472,0.050810,-0.002123,0.000354,0.000000,2.301,5.768
22.360716,0.160000,0.120000,-0.180000,-0.020000,0.000000,0.000000,0.070287,0.067325,0.027729,-0.003910,0.000319,0.000000,-0.053,5.698
22.380617,0.040000,-0.060000,0.180000,0.000000,0.000000,0.000000,0.067258,0.054592,0.042956,-0.003519,0.000287,0.000000,1.500,5.660
22.400643,0.340000,-0.040000,0.280000,0.000000,0.020000,0.000000,0.094532,0.045133,0.066660,-0.003167,0.002258,0.000000,3.917,5.671
22.420712,0.060000,0.000000,0.080000,0.000000,0.000000,0.000000,0.091079,0.040620,0.067994,-0.002851,0.002032,0.000000,4.053,5.701
22.440627,0.100000,0.060000,0.000000,0.000000,0.000000,0.000000,0.091971,0.042558,0.061195,-0.002566,0.001829,0.000000,3.360,5.732
22.460681,0.080000,0.080000,-0.200000,0.000000,0.000000,0.000000,0.090774,0.046302,0.035075,-0.002309,0.001646,0.000000,0.696,5.723
22.480755,0.180000,-0.040000,0.240000,0.000000,0.000000,0.000000,0.099697,0.037672,0.055568,-0.002078,0.001482,0.000000,2.786,5.781
22.500655,0.200000,0.000000,-0.100000,0.000000,0.000000,0.000000,0.109727,0.033905,0.040011,-0.001870,0.001333,0.000000,1.199,5.787
22.520708,0.060000,-0.020000,0.180000,0.000000,0.000000,0.000000,0.104754,0.028514,0.054010,-0.001683,0.001200,0.000000,2.627,5.850
22.540743,0.120000,0.000000,0.180000,0.000000,0.000000,0.000000,0.106279,0.025663,0.066609,-0.001515,0.001080,0.000000,3.912,5.899
22.560663,0.020000,0.000000,0.060000,0.000000,0.000000,0.000000,0.097651,0.023097,0.065948,-0.001364,0.000972,0.000000,3.844,5.947
22.580719,0.100000,0.020000,-0.200000,0.000000,0.000000,0.000000,0.097886,0.022787,0.039353,-0.001227,0.000875,0.000000,1.132,5.949
22.600636,0.100000,0.120000,0.100000,0.000000,0.000000,0.000000,0.098097,0.032508,0.045418,-0.001104,0.000787,0.000000,1.751,5.952
22.620689,0.040000,0.060000,-0.080000,0.000000,0.000000,0.000000,0.092288,0.035257,0.032876,-0.000994,0.000709,0.000000,0.472,5.925
22.640584,-0.060000,0.020000,-0.180000,0.000000,0.000000,0.000000,0.077059,0.033732,0.011589,-0.000895,0.000638,0.000000,-1.699,5.864
22.660646,-0.080000,-0.020000,-0.020000,0.000000,0.000000,0.000000,0.061353,0.028358,0.008430,-0.000805,0.000574,0.000000,-2.021,5.765
22.680698,0.000000,0.220000,0.080000,-0.020000,0.000000,0.000000,0.055218,0.047523,0.015587,-0.002725,0.000517,0.000000,-1.291,5.683
22.700627,0.100000,0.120000,0.020000,0.000000,0.000000,0.000000,0.059696,0.054770,0.016028,-0.002452,0.000465,0.000000,-1.246,5.565
22.720658,0.040000,0.120000,0.220000,0.000000,0.000000,0.000000,0.057726,0.061293,0.036425,-0.002207,0.000418,0.000000,0.834,5.455
22.740825,0.080000,0.120000,-0.080000,0.000000,0.000000,0.000000,0.059954,0.067164,0.024783,-0.001986,0.000377,0.000000,-0.353,5.311
22.760645,0.140000,0.120000,0.120000,0.000000,0.000000,0.000000,0.067958,0.072448,0.034304,-0.001788,0.000339,0.000000,0.617,5.144
22.780671,-0.060000,0.120000,0.140000,-0.020000,0.000000,0.000000,0.055162,0.077203,0.044874,-0.003609,0.000305,0.000000,1.695,4.953
22.800618,-0.020000,0.180000,-0.060000,-0.020000,0.000000,0.000000,0.047646,0.087483,0.034387,-0.005248,0.000275,0.000000,0.626,4.786
22.820662,-0.060000,0.120000,-0.120000,-0.020000,0.000000,0.000000,0.036882,0.090734,0.018948,-0.006723,0.000247,0.000000,-0.948,4.541
22.840773,0.060000,0.080000,0.060000,0.000000,0.000000,0.000000,0.039193,0.089661,0.023053,-0.006051,0.000222,0.000000,-0.530,4.321
22.860642,-0.040000,0.180000,0.040000,-0.020000,0.000000,0.000000,0.031274,0.098695,0.024748,-0.007446,0.000200,0.000000,-0.357,4.078
22.880715,0.060000,0.020000,-0.020000,0.000000,0.000000,0.000000,0.034147,0.090825,0.020273,-0.006701,0.000180,0.000000,-0.813,3.819
22.900587,0.000000,0.060000,0.000000,0.000000,0.000000,0.000000,0.030732,0.087743,0.018246,-0.006031,0.000162,0.000000,-1.020,3.545
22.920641,0.020000,0.100000,0.200000,0.000000,0.000000,0.000000,0.029659,0.088968,0.036421,-0.005428,0.000146,0.000000,0.833,3.306
22.940697,0.160000,0.020000,0.140000,0.000000,0.000000,0.000000,0.042693,0.082072,0.046779,-0.004885,0.000131,0.000000,1.890,3.099
22.960621,0.140000,0.000000,0.200000,0.000000,0.000000,0.000000,0.052424,0.073864,0.062101,-0.004397,0.000118,0.000000,3.452,2.917
22.980663,0.100000,0.120000,0.180000,0.000000,0.000000,0.000000,0.057181,0.078478,0.073891,-0.003957,0.000106,0.000000,4.654,2.782
23.000696,0.040000,0.120000,0.060000,-0.020000,0.000000,0.000000,0.055463,0.082630,0.072502,-0.005561,0.000096,0.000000,4.513,2.616
23.020644,0.100000,-0.020000,0.240000,0.000000,0.000000,0.000000,0.059917,0.072367,0.089252,-0.005005,0.000086,0.000000,6.221,2.478
23.040682,0.140000,0.060000,0.100000,0.000000,0.000000,0.000000,0.067925,0.071130,0.090327,-0.004505,0.000078,0.000000,6.330,2.374
23.060605,-0.020000,-0.060000,0.120000,0.000000,0.000000,0.000000,0.059133,0.058017,0.093294,-0.004054,0.000070,0.000000,6.633,2.318
23.080640,0.080000,0.000000,0.060000,0.000000,0.000000,0.000000,0.061219,0.052216,0.089965,-0.003649,0.000063,0.000000,6.293,2.279
23.100698,0.180000,0.060000,0.000000,0.000000,0.000000,0.000000,0.073097,0.052994,0.080968,-0.003284,0.000057,0.000000,5.376,2.269
23.120760,-0.040000,0.020000,0.120000,0.000000,0.000000,0.000000,0.061788,0.049695,0.084871,-0.002955,0.000051,0.000000,5.774,2.264
23.140655,-0.020000,0.260000,0.020000,-0.020000,0.000000,0.000000,0.053609,0.070725,0.078384,-0.004660,0.000046,0.000000,5.112,2.268
23.160724,0.000000,0.160000,0.020000,-0.020000,0.000000,0.000000,0.048248,0.079653,0.072546,-0.006194,0.000041,0.000000,4.517,2.275
23.180645,0.140000,0.220000,0.000000,-0.020000,0.000000,0.000000,0.057423,0.093687,0.065291,-0.007575,0.000037,0.000000,3.777,2.269
23.200687,0.000000,0.200000,0.000000,-0.020000,0.000000,0.000000,0.051681,0.104319,0.058762,-0.008817,0.000033,0.000000,3.111,2.240
23.220744,0.040000,0.000000,-0.100000,0.000000,0.000000,0.000000,0.050513,0.093887,0.042886,-0.007935,0.000030,0.000000,1.493,2.189
23.240672,0.020000,0.180000,-0.060000,-0.020000,0.000000,0.000000,0.047462,0.102498,0.032597,-0.009142,0.000027,0.000000,0.443,2.106
23.260708,0.040000,0.140000,-0.040000,0.000000,0.000000,0.000000,0.046715,0.106248,0.025338,-0.008228,0.000024,0.000000,-0.297,2.052
23.280628,0.000000,0.000000,-0.100000,0.000000,0.000000,0.000000,0.042044,0.095623,0.012804,-0.007405,0.000022,0.000000,-1.575,1.983
23.300666,0.040000,0.060000,0.000000,0.000000,0.000000,0.000000,0.041839,0.092061,0.011523,-0.006664,0.000020,0.000000,-1.706,1.921
23.320718,0.060000,0.060000,-0.140000,0.000000,0.000000,0.000000,0.043656,0.088855,-0.003629,-0.005998,0.000018,0.000000,-3.251,1.812
23.340778,0.080000,0.020000,0.100000,0.000000,0.000000,0.000000,0.047290,0.081970,0.006734,-0.005398,0.000016,0.000000,-2.194,1.722
23.360692,0.060000,0.000000,0.120000,0.000000,0.000000,0.000000,0.048561,0.073773,0.018061,-0.004858,0.000014,0.000000,-1.039,1.702
23.380611,0.120000,0.000000,0.080000,0.000000,0.000000,0.000000,0.055705,0.066395,0.024254,-0.004373,0.000013,0.000000,-0.407,1.664
23.400657,0.200000,0.020000,0.020000,0.000000,0.000000,0.000000,0.070134,0.061756,0.023829,-0.003935,0.000012,0.000000,-0.451,1.577
23.420705,0.000000,0.200000,-0.080000,0.000000,0.000000,0.000000,0.063121,0.075580,0.013446,-0.003542,0.000010,0.000000,-1.509,1.465
23.440623,0.080000,0.240000,0.000000,-0.020000,0.000000,0.000000,0.064809,0.092022,0.012102,-0.005188,0.000009,0.000000,-1.647,1.365
23.460675,0.060000,0.080000,0.040000,0.000000,0.000000,0.000000,0.064328,0.090820,0.014891,-0.004669,0.000008,0.000000,-1.362,1.324
23.480736,0.020000,0.060000,0.140000,0.000000,0.000000,0.000000,0.059895,0.087738,0.027402,-0.004202,0.000008,0.000000,-0.086,1.267
23.500843,0.000000,0.080000,-0.040000,0.000000,0.000000,0.000000,0.053906,0.086964,0.020662,-0.003782,0.000007,0.000000,-0.774,1.227
23.520863,0.200000,0.060000,0.140000,0.000000,0.000000,0.000000,0.068515,0.084268,0.032596,-0.003404,0.000006,0.000000,0.443,1.183
23.540818,0.000000,0.220000,0.160000,-0.020000,0.000000,0.000000,0.061664,0.097841,0.045336,-0.005063,0.000006,0.000000,1.742,1.140
23.560810,0.200000,0.140000,0.040000,0.000000,0.000000,0.000000,0.075497,0.102057,0.044803,-0.004557,0.000005,0.000000,1.688,1.097
23.580850,0.020000,0.200000,0.060000,-0.020000,0.000000,0.000000,0.069947,0.111851,0.046322,-0.006101,0.000005,0.000000,1.843,1.111
23.600666,0.000000,0.120000,-0.100000,-0.020000,0.000000,0.000000,0.062953,0.112666,0.031690,-0.007491,0.000004,0.000000,0.351,1.083
23.620704,0.060000,0.060000,-0.020000,0.000000,0.000000,0.000000,0.062657,0.107399,0.026521,-0.006742,0.000004,0.000000,-0.176,1.070
23.640776,0.100000,-0.040000,0.000000,0.000000,0.000000,0.000000,0.066392,0.092660,0.023869,-0.006068,0.000003,0.000000,-0.447,1.095
23.660694,0.020000,-0.020000,0.020000,0.000000,0.000000,0.000000,0.061753,0.081394,0.023482,-0.005461,0.000003,0.000000,-0.486,1.126
23.680705,0.040000,-0.040000,0.020000,0.000000,0.000000,0.000000,0.059577,0.069254,0.023134,-0.004915,0.000003,0.000000,-0.522,1.141
23.700636,0.080000,0.140000,0.060000,0.000000,0.000000,0.000000,0.061620,0.076329,0.026820,-0.004423,0.000002,0.000000,-0.146,1.163
23.720678,0.240000,0.080000,-0.100000,0.000000,0.020000,0.000000,0.079458,0.076696,0.014138,-0.003981,0.002002,0.000000,-1.439,1.118
23.740826,0.120000,0.080000,0.100000,0.000000,0.000000,0.000000,0.083512,0.077026,0.022725,-0.003583,0.001802,0.000000,-0.563,1.114
23.760782,0.180000,0.000000,0.000000,0.000000,0.000000,0.000000,0.093161,0.069324,0.020452,-0.003225,0.001622,0.000000,-0.795,1.085
23.780715,0.120000,-0.060000,0.000000,0.000000,0.000000,0.000000,0.095845,0.056391,0.018407,-0.002902,0.001460,0.000000,-1.004,1.031
23.800763,0.080000,0.000000,0.080000,0.000000,0.000000,0.000000,0.094260,0.050752,0.024566,-0.002612,0.001314,0.000000,-0.376,1.011
23.820808,0.240000,0.080000,0.160000,0.000000,0.020000,0.000000,0.108834,0.053677,0.038110,-0.002351,0.003182,0.000000,1.006,1.051
23.840746,0.080000,0.080000,0.020000,0.000000,0.000000,0.000000,0.105951,0.056309,0.036299,-0.002116,0.002864,0.000000,0.821,1.078
23.860645,0.120000,0.000000,0.060000,0.000000,0.000000,0.000000,0.107356,0.050678,0.038669,-0.001904,0.002578,0.000000,1.063,1.106
23.880684,0.100000,-0.020000,0.400000,0.000000,0.000000,0.000000,0.106620,0.043611,0.074802,-0.001714,0.002320,0.000000,4.747,1.217
23.900758,0.060000,0.040000,0.120000,0.000000,0.000000,0.000000,0.101958,0.043249,0.079322,-0.001542,0.002088,0.000000,5.208,1.342
23.920816,0.000000,0.020000,-0.080000,0.000000,0.000000,0.000000,0.091762,0.040925,0.063390,-0.001388,0.001879,0.000000,3.583,1.397
23.940695,0.140000,0.000000,0.220000,0.000000,0.000000,0.000000,0.096586,0.036832,0.079051,-0.001249,0.001691,0.000000,5.180,1.462
23.960602,0.080000,0.100000,0.120000,0.000000,0.000000,0.000000,0.094927,0.043149,0.083146,-0.001124,0.001522,0.000000,5.598,1.505
23.980646,0.080000,0.180000,0.100000,-0.020000,0.000000,0.000000,0.093435,0.056834,0.084831,-0.003012,0.001370,0.000000,5.770,1.528
24.000687,0.140000,0.180000,0.120000,-0.020000,0.000000,0.000000,0.098091,0.069151,0.088348,-0.004711,0.001233,0.000000,6.128,1.560
24.020618,0.080000,0.180000,-0.020000,-0.020000,0.000000,0.000000,0.096282,0.080236,0.077513,-0.006240,0.001110,0.000000,5.024,1.536
24.040679,0.060000,0.000000,0.160000,0.000000,0.000000,0.000000,0.092654,0.072212,0.085762,-0.005616,0.000999,0.000000,5.865,1.527
24.060743,0.000000,0.080000,0.080000,0.000000,0.000000,0.000000,0.083388,0.072991,0.085186,-0.005054,0.000899,0.000000,5.806,1.510
24.080792,0.140000,0.120000,0.060000,0.000000,0.000000,0.000000,0.089050,0.077692,0.082667,-0.004549,0.000809,0.000000,5.549,1.495
24.100720,0.060000,-0.020000,0.240000,0.000000,0.000000,0.000000,0.086145,0.067923,0.098400,-0.004094,0.000728,0.000000,7.153,1.531
24.120785,0.160000,0.240000,0.240000,-0.020000,0.000000,0.000000,0.093530,0.085130,0.112560,-0.005684,0.000655,0.000000,8.597,1.587
24.140699,0.340000,0.120000,0.220000,0.000000,0.020000,0.000000,0.118177,0.088617,0.123304,-0.005116,0.002590,0.000000,9.693,1.679
24.160749,0.100000,0.120000,0.140000,0.000000,0.000000,0.000000,0.116359,0.091756,0.124974,-0.004604,0.002331,0.000000,9.863,1.786
24.180783,0.120000,0.060000,0.200000,0.000000,0.000000,0.000000,0.116724,0.088580,0.132476,-0.004144,0.002098,0.000000,10.628,1.923
24.200711,0.180000,0.120000,0.460000,0.000000,0.000000,0.000000,0.123051,0.091722,0.165229,-0.003730,0.001888,0.000000,13.968,2.140
24.220751,0.020000,0.040000,0.360000,0.000000,0.000000,0.000000,0.112746,0.086550,0.184706,-0.003357,0.001699,0.000000,15.954,2.429
24.240653,0.040000,0.120000,0.240000,0.000000,0.000000,0.000000,0.105471,0.089895,0.190235,-0.003021,0.001529,0.000000,16.518,2.751
24.260842,0.140000,0.120000,0.340000,0.000000,0.000000,0.000000,0.108924,0.092905,0.205212,-0.002719,0.001376,0.000000,18.045,3.118
24.280756,0.120000,0.000000,-0.040000,0.000000,0.000000,0.000000,0.110032,0.083615,0.180691,-0.002447,0.001239,0.000000,15.545,3.460
24.300676,0.060000,0.120000,0.160000,0.000000,0.000000,0.000000,0.105029,0.087253,0.178622,-0.002202,0.001115,0.000000,15.334,3.801
24.320719,0.180000,0.260000,0.380000,-0.020000,0.000000,0.000000,0.112526,0.104528,0.198759,-0.003982,0.001003,0.000000,17.387,4.214
24.340832,0.120000,0.120000,0.160000,0.000000,0.000000,0.000000,0.113273,0.106075,0.194883,-0.003584,0.000903,0.000000,16.992,4.597
24.360714,0.120000,0.060000,0.220000,0.000000,0.000000,0.000000,0.113946,0.101468,0.197395,-0.003225,0.000813,0.000000,17.248,4.963
24.380778,0.020000,0.120000,0.200000,-0.020000,0.000000,0.000000,0.104551,0.103321,0.197656,-0.004903,0.000731,0.000000,17.275,5.317
24.400681,-0.060000,0.020000,0.200000,0.000000,0.000000,0.000000,0.088096,0.094989,0.197890,-0.004413,0.000658,0.000000,17.299,5.672
24.420725,0.080000,0.100000,0.180000,0.000000,0.000000,0.000000,0.087287,0.095490,0.196101,-0.003971,0.000592,0.000000,17.116,6.044
24.440614,0.180000,0.120000,0.180000,0.000000,0.000000,0.000000,0.096558,0.097941,0.194491,-0.003574,0.000533,0.000000,16.952,6.416
24.460666,0.040000,0.240000,0.180000,-0.020000,0.000000,0.000000,0.090902,0.112147,0.193042,-0.005217,0.000480,0.000000,16.804,6.779
24.480735,0.140000,-0.020000,0.100000,0.000000,0.000000,0.000000,0.095812,0.098932,0.183738,-0.004695,0.000432,0.000000,15.855,7.098
24.500906,0.160000,0.140000,0.160000,0.000000,0.000000,0.000000,0.102231,0.103039,0.181364,-0.004226,0.000389,0.000000,15.613,7.426
24.520747,0.060000,0.200000,0.240000,-0.020000,0.000000,0.000000,0.098008,0.112735,0.187228,-0.005803,0.000350,0.000000,16.211,7.741
24.540753,0.100000,-0.020000,0.400000,0.000000,0.000000,0.000000,0.098207,0.099462,0.208505,-0.005223,0.000315,0.000000,18.381,8.074
24.560670,0.140000,0.240000,0.200000,-0.020000,0.000000,0.000000,0.102386,0.113515,0.207654,-0.006700,0.000283,0.000000,18.294,8.406
24.580713,0.000000,0.120000,0.140000,0.000000,0.000000,0.000000,0.092148,0.114164,0.200889,-0.006030,0.000255,0.000000,17.604,8.722
24.600785,0.020000,0.060000,0.100000,0.000000,0.000000,0.000000,0.084933,0.108747,0.190800,-0.005427,0.000230,0.000000,16.576,9.046
24.620699,0.300000,0.260000,0.300000,0.000000,0.000000,0.000000,0.106440,0.123873,0.201720,-0.004885,0.000207,0.000000,17.689,9.403
24.640746,-0.080000,0.080000,0.160000,0.000000,0.000000,0.000000,0.087796,0.119485,0.197548,-0.004396,0.000186,0.000000,17.264,9.758
24.660783,0.140000,0.100000,0.260000,0.000000,0.000000,0.000000,0.093016,0.117537,0.203793,-0.003957,0.000167,0.000000,17.901,10.125
24.680717,0.020000,0.240000,-0.080000,-0.020000,0.000000,0.000000,0.085714,0.129783,0.175414,-0.005561,0.000151,0.000000,15.007,10.436
24.700756,0.160000,0.120000,0.100000,0.000000,0.000000,0.000000,0.093143,0.128805,0.167872,-0.005005,0.000136,0.000000,14.238,10.724
24.720690,-0.040000,0.000000,0.220000,0.000000,0.000000,0.000000,0.079829,0.115924,0.173085,-0.004504,0.000122,0.000000,14.769,11.048
24.740724,0.040000,0.220000,0.280000,-0.020000,0.000000,0.000000,0.075846,0.126332,0.183777,-0.006054,0.000110,0.000000,15.859,11.376
24.760794,0.040000,0.100000,0.360000,0.000000,0.000000,0.000000,0.072261,0.123699,0.201399,-0.005449,0.000099,0.000000,17.656,11.745
24.780672,0.100000,0.120000,-0.060000,0.000000,0.000000,0.000000,0.075035,0.123329,0.175259,-0.004904,0.000089,0.000000,14.991,12.065
24.800737,0.040000,0.180000,0.120000,0.000000,0.000000,0.000000,0.071532,0.128996,0.169733,-0.004413,0.000080,0.000000,14.427,12.361
24.820795,0.120000,0.220000,0.220000,-0.020000,0.000000,0.000000,0.076378,0.138096,0.174760,-0.005972,0.000072,0.000000,14.940,12.640
24.840710,0.160000,0.100000,0.400000,0.000000,0.000000,0.000000,0.084741,0.134287,0.197284,-0.005375,0.000065,0.000000,17.237,12.968
24.860762,0.040000,0.140000,0.120000,-0.020000,0.000000,0.000000,0.080267,0.134858,0.189556,-0.006837,0.000058,0.000000,16.449,13.276
24.880701,0.100000,0.080000,0.160000,0.000000,0.000000,0.000000,0.082240,0.129372,0.186600,-0.006154,0.000053,0.000000,16.147,13.504
24.900730,0.060000,0.180000,0.300000,-0.020000,0.000000,0.000000,0.080016,0.134435,0.197940,-0.007538,0.000047,0.000000,17.304,13.746
24.920703,0.000000,0.140000,0.360000,-0.020000,0.000000,0.000000,0.072014,0.134992,0.214146,-0.008784,0.000043,0.000000,18.956,14.053
24.940704,0.140000,0.120000,0.220000,0.000000,0.000000,0.000000,0.078813,0.133492,0.214731,-0.007906,0.000038,0.000000,19.016,14.330
24.960745,0.140000,0.160000,0.240000,-0.020000,0.000000,0.000000,0.084932,0.136143,0.217258,-0.009115,0.000034,0.000000,19.274,14.603
24.980667,-0.020000,0.080000,0.300000,0.000000,0.000000,0.000000,0.074438,0.130529,0.225532,-0.008204,0.000031,0.000000,20.117,14.890
25.000737,0.140000,0.160000,0.300000,-0.020000,0.000000,0.000000,0.080995,0.133476,0.232979,-0.009383,0.000028,0.000000,20.877,15.185
25.020624,0.080000,0.060000,0.220000,0.000000,0.000000,0.000000,0.080895,0.126128,0.231681,-0.008445,0.000025,0.000000,20.744,15.500
25.040683,0.080000,0.200000,0.460000,-0.020000,0.000000,0.000000,0.080806,0.133516,0.254513,-0.009601,0.000023,0.000000,23.073,15.844
25.060492,0.140000,-0.080000,0.060000,0.000000,0.000000,0.000000,0.086725,0.112164,0.235062,-0.008641,0.000020,0.000000,21.089,16.150
25.080653,-0.040000,-0.080000,0.040000,0.000000,0.000000,0.000000,0.074053,0.092948,0.215556,-0.007776,0.000018,0.000000,19.100,16.421
25.100848,0.160000,0.060000,0.100000,0.000000,0.000000,0.000000,0.082647,0.089653,0.204000,-0.006999,0.000016,0.000000,17.922,16.636
25.120752,0.020000,0.000000,0.020000,0.000000,0.000000,0.000000,0.076383,0.080688,0.185600,-0.006299,0.000015,0.000000,16.045,16.785
25.140669,0.060000,0.000000,0.100000,0.000000,0.000000,0.000000,0.074744,0.072619,0.177040,-0.005669,0.000013,0.000000,15.172,16.895
25.160705,0.040000,0.000000,-0.140000,0.000000,0.000000,0.000000,0.071270,0.065357,0.145336,-0.005102,0.000012,0.000000,11.940,16.936
25.180657,0.140000,0.000000,0.140000,0.000000,0.000000,0.000000,0.078143,0.058821,0.144802,-0.004592,0.000011,0.000000,11.885,16.961
25.200697,0.100000,0.120000,0.100000,0.000000,0.000000,0.000000,0.080329,0.064939,0.140322,-0.004133,0.000010,0.000000,11.428,16.910
25.220743,0.240000,-0.020000,0.280000,0.000000,0.020000,0.000000,0.096296,0.056445,0.154290,-0.003719,0.002009,0.000000,12.853,16.848
25.240631,0.200000,0.060000,0.280000,0.000000,0.000000,0.000000,0.106666,0.056801,0.166861,-0.003348,0.001808,0.000000,14.134,16.801
25.260713,-0.080000,0.000000,0.060000,0.000000,0.000000,0.000000,0.088000,0.051121,0.156175,-0.003013,0.001627,0.000000,13.045,16.701
25.280746,0.100000,0.080000,0.020000,0.000000,0.000000,0.000000,0.089200,0.054009,0.142557,-0.002711,0.001464,0.000000,11.656,16.623
25.300722,0.160000,0.120000,0.060000,0.000000,0.000000,0.000000,0.096280,0.060608,0.134302,-0.002440,0.001318,0.000000,10.814,16.533
25.320752,0.000000,0.240000,0.040000,-0.020000,0.000000,0.000000,0.086652,0.078547,0.124871,-0.004196,0.001186,0.000000,9.853,16.382
25.340801,0.080000,0.120000,0.060000,0.000000,0.000000,0.000000,0.085987,0.082692,0.118384,-0.003777,0.001068,0.000000,9.191,16.226
25.360709,0.040000,0.060000,-0.040000,0.000000,0.000000,0.000000,0.081388,0.080423,0.102546,-0.003399,0.000961,0.000000,7.576,16.032
25.380735,0.140000,-0.040000,0.100000,0.000000,0.000000,0.000000,0.087249,0.068381,0.102291,-0.003059,0.000865,0.000000,7.550,15.838
25.400658,0.200000,-0.020000,0.100000,0.000000,0.000000,0.000000,0.098524,0.059543,0.102062,-0.002753,0.000778,0.000000,7.527,15.642
25.420725,0.060000,-0.060000,0.020000,0.000000,0.000000,0.000000,0.094672,0.047588,0.093856,-0.002478,0.000700,0.000000,6.690,15.434
25.440792,0.240000,0.180000,0.120000,-0.020000,0.020000,0.000000,0.109205,0.060830,0.096470,-0.004230,0.002630,0.000000,6.957,15.234
25.460824,0.020000,0.140000,0.100000,0.000000,0.000000,0.000000,0.100284,0.068747,0.096823,-0.003807,0.002367,0.000000,6.993,15.038
25.480762,0.200000,0.060000,0.000000,0.000000,0.000000,0.000000,0.110256,0.067872,0.087141,-0.003426,0.002131,0.000000,6.005,14.841
25.500887,0.000000,0.060000,0.180000,0.000000,0.000000,0.000000,0.099230,0.067085,0.096427,-0.003084,0.001918,0.000000,6.952,14.668
25.520724,0.060000,-0.100000,0.100000,0.000000,0.000000,0.000000,0.095307,0.050376,0.096784,-0.002775,0.001726,0.000000,6.989,14.483
25.540780,0.000000,-0.020000,0.080000,0.000000,0.000000,0.000000,0.085776,0.043339,0.095106,-0.002498,0.001553,0.000000,6.818,14.252
25.560665,0.100000,0.040000,0.020000,0.000000,0.000000,0.000000,0.087199,0.043005,0.087595,-0.002248,0.001398,0.000000,6.052,14.007
25.580716,0.000000,0.140000,0.020000,-0.020000,0.000000,0.000000,0.078479,0.052704,0.080836,-0.004023,0.001258,0.000000,5.362,13.762
25.600785,0.100000,0.020000,0.100000,0.000000,0.000000,0.000000,0.080631,0.049434,0.082752,-0.003621,0.001132,0.000000,5.558,13.542
25.620697,0.160000,0.180000,0.220000,-0.020000,0.000000,0.000000,0.088568,0.062490,0.096477,-0.005259,0.001019,0.000000,6.957,13.327
25.640733,0.100000,0.000000,0.000000,0.000000,0.000000,0.000000,0.089711,0.056241,0.086829,-0.004733,0.000917,0.000000,5.974,13.101
25.660655,0.060000,0.000000,0.020000,0.000000,0.000000,0.000000,0.086740,0.050617,0.080146,-0.004260,0.000825,0.000000,5.292,12.849
25.680682,0.020000,0.100000,0.040000,0.000000,0.000000,0.000000,0.080066,0.055556,0.076132,-0.003834,0.000743,0.000000,4.883,12.647
25.700601,0.100000,0.000000,0.000000,0.000000,0.000000,0.000000,0.082059,0.050000,0.068518,-0.003450,0.000669,0.000000,4.106,12.444
25.720646,0.100000,0.000000,0.000000,0.000000,0.000000,0.000000,0.083853,0.045000,0.061667,-0.003105,0.000602,0.000000,3.408,12.217
25.740686,0.120000,0.000000,0.220000,0.000000,0.000000,0.000000,0.087468,0.040500,0.077500,-0.002795,0.000542,0.000000,5.022,12.000
25.760633,0.200000,0.060000,-0.060000,0.000000,0.000000,0.000000,0.098721,0.042450,0.063750,-0.002515,0.000487,0.000000,3.620,11.719
25.780647,0.020000,0.140000,-0.040000,0.000000,0.000000,0.000000,0.090849,0.052205,0.053375,-0.002264,0.000439,0.000000,2.562,11.471
25.800592,0.000000,0.200000,0.120000,-0.020000,0.000000,0.000000,0.081764,0.066985,0.060037,-0.004037,0.000395,0.000000,3.242,11.247
25.820644,0.080000,0.060000,-0.160000,0.000000,0.000000,0.000000,0.081588,0.066286,0.038034,-0.003634,0.000355,0.000000,0.998,10.968
25.840696,0.020000,0.060000,-0.060000,0.000000,0.000000,0.000000,0.075429,0.065657,0.028230,-0.003270,0.000320,0.000000,-0.002,10.623
25.860610,-0.040000,0.060000,0.060000,0.000000,0.000000,0.000000,0.063886,0.065092,0.031407,-0.002943,0.000288,0.000000,0.322,10.301
25.880648,-0.020000,0.040000,-0.080000,0.000000,0.000000,0.000000,0.055498,0.062583,0.020267,-0.002649,0.000259,0.000000,-0.814,9.962
25.900703,-0.020000,0.120000,0.060000,-0.020000,0.000000,0.000000,0.047948,0.068324,0.024240,-0.004384,0.000233,0.000000,-0.409,9.607
25.920709,0.060000,0.080000,0.280000,0.000000,0.000000,0.000000,0.049153,0.069492,0.049816,-0.003946,0.000210,0.000000,2.199,9.272
25.940579,0.160000,0.120000,0.160000,0.000000,0.000000,0.000000,0.060238,0.074543,0.060834,-0.003551,0.000189,0.000000,3.323,8.958
25.960593,0.020000,0.060000,0.060000,0.000000,0.000000,0.000000,0.056214,0.073088,0.060751,-0.003196,0.000170,0.000000,3.314,8.639
25.980643,0.080000,0.080000,0.220000,0.000000,0.000000,0.000000,0.058593,0.073780,0.076676,-0.002876,0.000153,0.000000,4.938,8.336
26.000574,0.120000,0.120000,0.240000,0.000000,0.000000,0.000000,0.064733,0.078402,0.093008,-0.002589,0.000138,0.000000,6.604,8.050
26.020593,0.240000,0.240000,0.080000,-0.020000,0.000000,0.000000,0.082260,0.094561,0.091707,-0.004330,0.000124,0.000000,6.471,7.765
26.040666,0.040000,0.180000,0.220000,-0.020000,0.000000,0.000000,0.078034,0.103105,0.104537,-0.005897,0.000112,0.000000,7.779,7.459
26.060581,0.180000,0.120000,0.140000,0.000000,0.000000,0.000000,0.088231,0.104795,0.108083,-0.005307,0.000100,0.000000,8.141,7.200
26.080663,0.120000,0.140000,0.140000,0.000000,0.000000,0.000000,0.091408,0.108315,0.111275,-0.004776,0.000090,0.000000,8.466,6.987
26.100672,0.000000,0.160000,0.280000,-0.020000,0.000000,0.000000,0.082267,0.113484,0.128147,-0.006299,0.000081,0.000000,10.187,6.833
26.120604,0.100000,0.080000,0.060000,0.000000,0.000000,0.000000,0.084040,0.110135,0.121333,-0.005669,0.000073,0.000000,9.492,6.701
26.140646,0.000000,0.040000,0.100000,0.000000,0.000000,0.000000,0.075636,0.103122,0.119199,-0.005102,0.000066,0.000000,9.274,6.584
26.160571,0.080000,0.180000,0.240000,-0.020000,0.000000,0.000000,0.076072,0.110810,0.131279,-0.006592,0.000059,0.000000,10.506,6.555
26.180863,0.020000,0.180000,0.260000,-0.020000,0.000000,0.000000,0.070465,0.117729,0.144151,-0.007933,0.000053,0.000000,11.819,6.554
26.200682,0.200000,0.180000,0.060000,0.000000,0.000000,0.000000,0.083419,0.123956,0.135736,-0.007139,0.000048,0.000000,10.961,6.544
26.220599,0.040000,0.120000,0.060000,0.000000,0.000000,0.000000,0.079077,0.123560,0.128163,-0.006425,0.000043,0.000000,10.188,6.491
26.240641,0.040000,0.140000,0.220000,-0.020000,0.000000,0.000000,0.075169,0.125204,0.137346,-0.007783,0.000039,0.000000,11.125,6.431
26.260718,0.060000,0.060000,0.280000,0.000000,0.000000,0.000000,0.073652,0.118684,0.151612,-0.007005,0.000035,0.000000,12.580,6.421
26.280612,-0.020000,0.080000,0.040000,0.000000,0.000000,0.000000,0.064287,0.114815,0.140451,-0.006304,0.000031,0.000000,11.441,6.417
26.300655,0.040000,-0.040000,0.200000,0.000000,0.000000,0.000000,0.061858,0.099334,0.146406,-0.005674,0.000028,0.000000,12.049,6.442
26.320578,0.000000,0.120000,-0.120000,-0.020000,0.000000,0.000000,0.055672,0.101400,0.119765,-0.007106,0.000026,0.000000,9.332,6.431
26.340636,0.000000,0.000000,0.120000,0.000000,0.000000,0.000000,0.050105,0.091260,0.119788,-0.006396,0.000023,0.000000,9.334,6.434
26.360685,0.200000,0.060000,-0.180000,0.000000,0.020000,0.000000,0.065095,0.088134,0.089810,-0.005756,0.002021,0.000000,6.277,6.408
26.380593,-0.020000,0.000000,0.060000,0.000000,0.000000,0.000000,0.056585,0.079321,0.086829,-0.005181,0.001819,0.000000,5.973,6.377
26.400631,0.140000,0.060000,0.060000,0.000000,0.000000,0.000000,0.064927,0.077389,0.084146,-0.004662,0.001637,0.000000,5.700,6.340
26.420560,0.120000,0.000000,0.080000,0.000000,0.000000,0.000000,0.070434,0.069650,0.083731,-0.004196,0.001473,0.000000,5.658,6.320
26.440591,0.140000,-0.020000,0.060000,0.000000,0.000000,0.000000,0.077391,0.060685,0.081358,-0.003777,0.001326,0.000000,5.416,6.289
26.460658,0.100000,0.020000,-0.020000,0.000000,0.000000,0.000000,0.079652,0.056616,0.071222,-0.003399,0.001193,0.000000,4.382,6.237
26.480709,0.120000,0.080000,0.000000,0.000000,0.000000,0.000000,0.083686,0.058955,0.064100,-0.003059,0.001074,0.000000,3.656,6.190
26.500644,0.060000,0.020000,0.100000,0.000000,0.000000,0.000000,0.081318,0.055059,0.067690,-0.002753,0.000966,0.000000,4.022,6.131
26.520681,0.220000,-0.060000,0.140000,0.000000,0.020000,0.000000,0.095186,0.043553,0.074921,-0.002478,0.002870,0.000000,4.759,6.086
26.540587,0.040000,0.040000,0.060000,0.000000,0.000000,0.000000,0.089667,0.043198,0.073429,-0.002230,0.002583,0.000000,4.607,6.042
26.560654,0.120000,0.000000,0.140000,0.000000,0.000000,0.000000,0.092701,0.038878,0.080086,-0.002007,0.002325,0.000000,5.286,6.027
26.580571,0.080000,0.000000,0.000000,0.000000,0.000000,0.000000,0.091431,0.034990,0.072077,-0.001806,0.002092,0.000000,4.469,6.009
26.600613,0.080000,-0.140000,0.060000,0.000000,0.000000,0.000000,0.090288,0.017491,0.070870,-0.001626,0.001883,0.000000,4.346,5.985
26.620762,0.120000,0.060000,0.060000,0.000000,0.000000,0.000000,0.093259,0.021742,0.069783,-0.001463,0.001695,0.000000,4.235,5.930
26.640572,0.240000,0.100000,0.220000,0.000000,0.020000,0.000000,0.107933,0.029568,0.084804,-0.001317,0.003525,0.000000,5.767,5.926
26.660607,0.120000,0.120000,0.180000,0.000000,0.000000,0.000000,0.109140,0.038611,0.094324,-0.001185,0.003173,0.000000,6.738,5.955
26.680669,0.180000,-0.020000,0.060000,0.000000,0.000000,0.000000,0.116226,0.032750,0.090892,-0.001067,0.002855,0.000000,6.388,5.985
26.700607,0.080000,-0.060000,0.200000,0.000000,0.000000,0.000000,0.112603,0.023475,0.101802,-0.000960,0.002570,0.000000,7.500,6.053
26.720647,0.080000,0.020000,0.120000,0.000000,0.000000,0.000000,0.109343,0.023128,0.103622,-0.000864,0.002313,0.000000,7.686,6.139
26.740570,0.020000,0.080000,-0.020000,0.000000,0.000000,0.000000,0.100408,0.028815,0.091260,-0.000778,0.002082,0.000000,6.425,6.167
26.760631,0.020000,0.020000,0.020000,0.000000,0.000000,0.000000,0.092368,0.027933,0.084134,-0.000700,0.001873,0.000000,5.699,6.208
26.780680,0.060000,0.040000,0.020000,0.000000,0.000000,0.000000,0.089131,0.029140,0.077721,-0.000630,0.001686,0.000000,5.045,6.258
26.800591,-0.020000,0.000000,0.160000,0.000000,0.000000,0.000000,0.078218,0.026226,0.085949,-0.000567,0.001517,0.000000,5.884,6.311
26.820651,0.260000,0.000000,0.100000,0.000000,0.020000,0.000000,0.096396,0.023603,0.087354,-0.000510,0.003366,0.000000,6.027,6.411
26.840682,0.080000,0.240000,0.060000,-0.020000,0.000000,0.000000,0.094756,0.045243,0.084618,-0.002459,0.003029,0.000000,5.748,6.526
26.860590,0.080000,0.020000,0.080000,0.000000,0.000000,0.000000,0.093281,0.042719,0.084156,-0.002213,0.002726,0.000000,5.701,6.634
26.880654,0.140000,-0.020000,0.060000,0.000000,0.000000,0.000000,0.097953,0.036447,0.081741,-0.001992,0.002454,0.000000,5.455,6.759
26.900575,0.060000,0.000000,0.080000,0.000000,0.000000,0.000000,0.094157,0.032802,0.081567,-0.001793,0.002208,0.000000,5.437,6.876
26.920626,0.000000,0.000000,0.200000,0.000000,0.000000,0.000000,0.084742,0.029522,0.093410,-0.001613,0.001987,0.000000,6.645,6.965
26.940653,0.140000,-0.120000,-0.040000,0.000000,0.000000,0.000000,0.090268,0.014570,0.080069,-0.001452,0.001789,0.000000,5.284,7.004
26.960829,0.060000,0.080000,0.160000,0.000000,0.000000,0.000000,0.087241,0.021113,0.088062,-0.001307,0.001610,0.000000,6.099,7.060
26.981148,0.140000,0.000000,0.000000,0.000000,0.000000,0.000000,0.092517,0.019002,0.079256,-0.001176,0.001449,0.000000,5.201,7.065
27.001096,0.020000,0.100000,0.000000,0.000000,0.000000,0.000000,0.085265,0.027101,0.071330,-0.001059,0.001304,0.000000,4.393,7.021
27.021105,0.240000,0.060000,0.140000,0.000000,0.020000,0.000000,0.100739,0.030391,0.078197,-0.000953,0.003174,0.000000,5.093,6.994
27.041155,0.120000,0.040000,-0.060000,0.000000,0.000000,0.000000,0.102665,0.031352,0.064378,-0.000857,0.002856,0.000000,3.684,6.912
27.061127,0.080000,-0.100000,0.100000,0.000000,0.000000,0.000000,0.100398,0.018217,0.067940,-0.000772,0.002571,0.000000,4.047,6.830
27.081109,0.200000,0.040000,0.100000,0.000000,0.020000,0.000000,0.110358,0.020395,0.071146,-0.000695,0.004314,0.000000,4.374,6.748
27.100961,0.200000,0.080000,0.380000,0.000000,0.020000,0.000000,0.119323,0.026356,0.102031,-0.000625,0.005882,0.000000,7.524,6.695
27.120941,0.160000,0.040000,0.060000,0.000000,0.000000,0.000000,0.123390,0.027720,0.097828,-0.000563,0.005294,0.000000,7.095,6.647
27.141105,0.100000,-0.060000,0.020000,0.000000,0.000000,0.000000,0.121051,0.018948,0.090045,-0.000506,0.004765,0.000000,6.301,6.587
27.160949,0.020000,0.000000,0.140000,0.000000,0.000000,0.000000,0.110946,0.017053,0.095041,-0.000456,0.004288,0.000000,6.811,6.513
27.181146,0.080000,-0.060000,-0.020000,0.000000,0.000000,0.000000,0.107852,0.009348,0.083537,-0.000410,0.003859,0.000000,5.638,6.390
27.200974,0.080000,0.020000,0.320000,0.000000,0.000000,0.000000,0.105066,0.010413,0.107183,-0.000369,0.003473,0.000000,8.049,6.331
27.220943,0.100000,0.020000,0.000000,0.000000,0.000000,0.000000,0.104560,0.011372,0.096465,-0.000332,0.003126,0.000000,6.956,6.267
27.240961,0.040000,0.120000,-0.060000,-0.020000,0.000000,0.000000,0.098104,0.022235,0.080818,-0.002299,0.002813,0.000000,5.361,6.152
27.260966,0.080000,-0.020000,-0.080000,0.000000,0.000000,0.000000,0.096293,0.018011,0.064736,-0.002069,0.002532,0.000000,3.721,5.974
27.280948,0.000000,0.060000,0.000000,0.000000,0.000000,0.000000,0.086664,0.022210,0.058263,-0.001862,0.002279,0.000000,3.061,5.807
27.300962,0.120000,0.140000,0.160000,0.000000,0.000000,0.000000,0.089998,0.033989,0.068437,-0.001676,0.002051,0.000000,4.098,5.648
27.320965,0.120000,0.060000,-0.060000,0.000000,0.000000,0.000000,0.092998,0.036590,0.055593,-0.001508,0.001846,0.000000,2.788,5.517
27.340983,0.120000,-0.100000,0.000000,0.000000,0.000000,0.000000,0.095698,0.022931,0.050034,-0.001358,0.001661,0.000000,2.221,5.375
27.361147,0.140000,0.120000,0.060000,0.000000,0.000000,0.000000,0.100128,0.032638,0.051030,-0.001222,0.001495,0.000000,2.323,5.296
27.380956,0.140000,0.000000,0.060000,0.000000,0.000000,0.000000,0.104115,0.029374,0.051927,-0.001100,0.001346,0.000000,2.415,5.224
27.400979,0.080000,-0.020000,0.060000,0.000000,0.000000,0.000000,0.101704,0.024437,0.052734,-0.000990,0.001211,0.000000,2.497,5.160
27.420980,0.160000,-0.080000,0.000000,0.000000,0.000000,0.000000,0.107534,0.013993,0.047461,-0.000891,0.001090,0.000000,1.959,5.086
27.441119,-0.020000,0.040000,-0.060000,0.000000,0.000000,0.000000,0.094780,0.016594,0.036715,-0.000802,0.000981,0.000000,0.863,4.995
27.460840,0.120000,-0.040000,0.040000,0.000000,0.000000,0.000000,0.097302,0.010934,0.037043,-0.000721,0.000883,0.000000,0.897,4.926
27.480971,0.240000,0.020000,-0.040000,0.000000,0.020000,0.000000,0.111572,0.011841,0.029339,-0.000649,0.002795,0.000000,0.111,4.855
27.500968,0.120000,0.040000,0.060000,0.000000,0.000000,0.000000,0.112415,0.014657,0.032405,-0.000584,0.002515,0.000000,0.424,4.783
27.520990,0.000000,0.040000,0.060000,0.000000,0.000000,0.000000,0.101173,0.017191,0.035165,-0.000526,0.002264,0.000000,0.705,4.702
27.540971,0.080000,0.000000,0.100000,0.000000,0.000000,0.000000,0.099056,0.015472,0.041648,-0.000473,0.002037,0.000000,1.366,4.637
27.560988,0.140000,0.000000,0.140000,0.000000,0.000000,0.000000,0.103150,0.013925,0.051483,-0.000426,0.001834,0.000000,2.369,4.578
27.580987,0.120000,-0.040000,0.120000,0.000000,0.000000,0.000000,0.104835,0.008532,0.058335,-0.000383,0.001650,0.000000,3.068,4.550
27.600993,0.060000,-0.040000,0.100000,0.000000,0.000000,0.000000,0.100352,0.003679,0.062502,-0.000345,0.001485,0.000000,3.493,4.533
27.620985,0.100000,0.180000,0.000000,-0.020000,0.000000,0.000000,0.100317,0.021311,0.056251,-0.002311,0.001337,0.000000,2.855,4.506
27.640867,0.140000,0.020000,0.060000,0.000000,0.000000,0.000000,0.104285,0.021180,0.056626,-0.002080,0.001203,0.000000,2.894,4.448
27.660992,0.040000,-0.020000,0.080000,0.000000,0.000000,0.000000,0.097856,0.017062,0.058964,-0.001872,0.001083,0.000000,3.132,4.376
27.680987,0.020000,-0.020000,0.020000,0.000000,0.000000,0.000000,0.090071,0.013356,0.055067,-0.001684,0.000974,0.000000,2.735,4.303
27.700977,0.060000,-0.120000,0.060000,0.000000,0.000000,0.000000,0.087064,0.000020,0.055561,-0.001516,0.000877,0.000000,2.785,4.209
27.720983,0.140000,0.000000,0.000000,0.000000,0.000000,0.000000,0.092357,0.000018,0.050004,-0.001364,0.000789,0.000000,2.218,4.099
27.740995,0.140000,0.020000,-0.040000,0.000000,0.000000,0.000000,0.097122,0.002016,0.041004,-0.001228,0.000710,0.000000,1.301,3.997
27.760994,0.000000,0.000000,0.080000,0.000000,0.000000,0.000000,0.087409,0.001815,0.044904,-0.001105,0.000639,0.000000,1.698,3.917
27.780998,0.100000,-0.040000,-0.160000,0.000000,0.000000,0.000000,0.088669,-0.002367,0.024413,-0.000995,0.000575,0.000000,-0.391,3.808
27.800986,0.100000,-0.120000,-0.020000,0.000000,0.000000,0.000000,0.089802,-0.014130,0.019972,-0.000895,0.000518,0.000000,-0.844,3.674
27.820979,0.160000,0.020000,0.140000,0.000000,0.000000,0.000000,0.096821,-0.010717,0.031975,-0.000806,0.000466,0.000000,0.380,3.561
27.841013,0.020000,0.060000,0.040000,0.000000,0.000000,0.000000,0.089139,-0.003645,0.032777,-0.000725,0.000419,0.000000,0.462,3.455
27.861033,0.160000,0.000000,0.020000,0.000000,0.000000,0.000000,0.096225,-0.003281,0.031500,-0.000653,0.000378,0.000000,0.331,3.348
27.881005,0.140000,-0.040000,0.180000,0.000000,0.000000,0.000000,0.100603,-0.006953,0.046350,-0.000587,0.000340,0.000000,1.846,3.275
27.900981,0.080000,0.000000,0.060000,0.000000,0.000000,0.000000,0.098543,-0.006257,0.047715,-0.000529,0.000306,0.000000,1.985,3.206
27.921077,0.140000,0.080000,-0.120000,0.000000,0.000000,0.000000,0.102688,0.002368,0.030943,-0.000476,0.000275,0.000000,0.275,3.079
27.941027,0.080000,0.020000,0.060000,0.000000,0.000000,0.000000,0.100419,0.004131,0.033849,-0.000428,0.000248,0.000000,0.571,2.985
27.961005,0.100000,0.120000,-0.100000,0.000000,0.000000,0.000000,0.100378,0.015718,0.020464,-0.000385,0.000223,0.000000,-0.794,2.847
27.981006,0.080000,0.120000,0.000000,0.000000,0.000000,0.000000,0.098340,0.026146,0.018418,-0.000347,0.000201,0.000000,-1.003,2.723
28.001029,0.000000,0.100000,-0.060000,0.000000,0.000000,0.000000,0.088506,0.033532,0.010576,-0.000312,0.000181,0.000000,-1.802,2.599
28.021015,0.160000,0.020000,-0.040000,0.000000,0.000000,0.000000,0.095655,0.032179,0.005518,-0.000281,0.000163,0.000000,-2.318,2.451
28.041024,0.140000,0.180000,0.000000,0.000000,0.000000,0.000000,0.100090,0.046961,0.004966,-0.000253,0.000146,0.000000,-2.374,2.330
28.061020,0.300000,-0.060000,0.140000,0.000000,0.020000,0.000000,0.120081,0.036265,0.018470,-0.000228,0.002132,0.000000,-0.997,2.229
28.081013,0.100000,-0.100000,0.080000,0.000000,0.000000,0.000000,0.118073,0.022638,0.024623,-0.000205,0.001918,0.000000,-0.370,2.134
28.101154,0.100000,0.000000,0.060000,0.000000,0.000000,0.000000,0.116265,0.020374,0.028161,-0.000184,0.001727,0.000000,-0.009,1.983
28.120995,0.080000,0.040000,0.060000,0.000000,0.000000,0.000000,0.112639,0.022337,0.031344,-0.000166,0.001554,0.000000,0.316,1.848
28.141003,0.100000,0.020000,0.000000,0.000000,0.000000,0.000000,0.111375,0.022103,0.028210,-0.000149,0.001399,0.000000,-0.004,1.721
28.161010,0.040000,0.000000,0.060000,0.000000,0.000000,0.000000,0.104237,0.019893,0.031389,-0.000134,0.001259,0.000000,0.320,1.592
28.181027,0.100000,-0.080000,0.000000,0.000000,0.000000,0.000000,0.103814,0.009904,0.028250,-0.000121,0.001133,0.000000,0.000,1.479
28.201015,0.040000,0.000000,0.060000,0.000000,0.000000,0.000000,0.097432,0.008913,0.031425,-0.000109,0.001020,0.000000,0.324,1.324
28.221230,0.040000,0.000000,0.060000,0.000000,0.000000,0.000000,0.091689,0.008022,0.034283,-0.000098,0.000918,0.000000,0.615,1.198
28.241054,0.180000,0.200000,0.000000,0.000000,0.020000,0.000000,0.100520,0.027220,0.030854,-0.000088,0.002826,0.000000,0.266,1.096
28.261043,0.160000,0.060000,0.280000,0.000000,0.000000,0.000000,0.106468,0.030498,0.055769,-0.000079,0.002543,0.000000,2.806,1.077
28.281034,0.100000,0.080000,0.140000,0.000000,0.000000,0.000000,0.105821,0.035448,0.064192,-0.000071,0.002289,0.000000,3.665,1.089
28.301028,0.100000,0.060000,0.120000,0.000000,0.000000,0.000000,0.105239,0.037903,0.069773,-0.000064,0.002060,0.000000,4.234,1.092
28.321195,0.060000,0.060000,-0.080000,0.000000,0.000000,0.000000,0.100715,0.040113,0.054796,-0.000058,0.001854,0.000000,2.707,1.091
28.341071,0.080000,0.160000,0.020000,0.000000,0.000000,0.000000,0.098644,0.052102,0.051316,-0.000052,0.001669,0.000000,2.352,1.093
28.361045,0.000000,0.140000,-0.020000,0.000000,0.000000,0.000000,0.088779,0.060891,0.044184,-0.000047,0.001502,0.000000,1.625,1.079
28.381093,0.280000,0.000000,-0.060000,0.000000,0.020000,0.000000,0.107901,0.054802,0.033766,-0.000042,0.003352,0.000000,0.563,1.042
28.401054,0.160000,0.040000,0.120000,0.000000,0.020000,0.000000,0.113111,0.053322,0.042389,-0.000038,0.005016,0.000000,1.442,1.021
28.421066,0.180000,0.040000,0.060000,0.000000,0.000000,0.000000,0.119800,0.051990,0.044150,-0.000034,0.004515,0.000000,1.622,1.014
28.441038,0.160000,0.120000,0.060000,0.000000,0.000000,0.000000,0.123820,0.058791,0.045735,-0.000031,0.004063,0.000000,1.783,1.033
28.461047,0.160000,0.000000,-0.120000,0.000000,0.000000,0.000000,0.127438,0.052912,0.029162,-0.000028,0.003657,0.000000,0.093,1.017
28.480786,0.000000,-0.020000,-0.040000,0.000000,0.000000,0.000000,0.114694,0.045621,0.022246,-0.000025,0.003291,0.000000,-0.612,1.002
28.501179,-0.020000,0.120000,0.120000,0.000000,0.000000,0.000000,0.101225,0.053059,0.032021,-0.000022,0.002962,0.000000,0.385,1.001
28.521056,0.000000,-0.120000,-0.140000,0.000000,0.000000,0.000000,0.091102,0.035753,0.014819,-0.000020,0.002666,0.000000,-1.369,0.960
28.541051,0.060000,0.120000,0.340000,0.000000,0.000000,0.000000,0.087992,0.044177,0.047337,-0.000018,0.002399,0.000000,1.946,0.971
28.560783,0.060000,0.000000,0.120000,0.000000,0.000000,0.000000,0.085193,0.039760,0.054603,-0.000016,0.002159,0.000000,2.687,0.978
28.581078,-0.060000,0.020000,0.140000,0.000000,0.000000,0.000000,0.070674,0.037784,0.063143,-0.000015,0.001943,0.000000,3.558,0.988
28.601242,0.120000,0.220000,0.020000,-0.020000,0.000000,0.000000,0.075606,0.056005,0.058829,-0.002013,0.001749,0.000000,3.118,0.980
28.620920,-0.080000,0.200000,-0.120000,-0.020000,0.000000,0.000000,0.060046,0.070405,0.040946,-0.003812,0.001574,0.000000,1.295,0.949
28.641053,0.160000,0.080000,-0.020000,0.000000,0.000000,0.000000,0.070041,0.071364,0.034851,-0.003431,0.001417,0.000000,0.673,0.905
28.661051,0.020000,0.080000,0.000000,0.000000,0.000000,0.000000,0.065037,0.072228,0.031366,-0.003088,0.001275,0.000000,0.318,0.848
28.681056,-0.120000,0.020000,0.160000,0.000000,0.000000,0.000000,0.046533,0.067005,0.044230,-0.002779,0.001148,0.000000,1.630,0.826
28.701055,0.020000,0.020000,0.160000,0.000000,0.000000,0.000000,0.043880,0.062305,0.055807,-0.002501,0.001033,0.000000,2.810,0.827
28.721057,0.140000,0.080000,0.140000,0.000000,0.000000,0.000000,0.053492,0.064074,0.064226,-0.002251,0.000930,0.000000,3.669,0.856
28.741077,0.080000,0.060000,0.100000,0.000000,0.000000,0.000000,0.056143,0.063667,0.067803,-0.002026,0.000837,0.000000,4.033,0.910
28.761058,0.000000,0.060000,-0.020000,0.000000,0.000000,0.000000,0.050528,0.063300,0.059023,-0.001823,0.000753,0.000000,3.138,0.939
28.781060,0.200000,0.040000,0.020000,0.000000,0.000000,0.000000,0.065476,0.060970,0.055121,-0.001641,0.000678,0.000000,2.740,1.002
28.801070,0.000000,0.180000,0.000000,-0.020000,0.000000,0.000000,0.058928,0.072873,0.049609,-0.003477,0.000610,0.000000,2.178,1.062
28.821069,-0.020000,0.020000,0.160000,0.000000,0.000000,0.000000,0.051035,0.067586,0.060648,-0.003129,0.000549,0.000000,3.304,1.121
28.840940,0.120000,0.000000,-0.020000,0.000000,0.000000,0.000000,0.057932,0.060827,0.052583,-0.002816,0.000494,0.000000,2.481,1.161
28.861057,0.100000,0.080000,0.180000,0.000000,0.000000,0.000000,0.062139,0.062744,0.065325,-0.002535,0.000445,0.000000,3.781,1.230
28.881088,0.200000,0.020000,0.180000,0.000000,0.020000,0.000000,0.075925,0.058470,0.076792,-0.002281,0.002400,0.000000,4.950,1.292
28.901079,-0.020000,0.060000,0.080000,0.000000,0.000000,0.000000,0.066332,0.058623,0.077113,-0.002053,0.002160,0.000000,4.983,1.352
28.921066,0.000000,0.140000,0.060000,-0.020000,0.000000,0.000000,0.059699,0.066761,0.075402,-0.003848,0.001944,0.000000,4.808,1.443
28.941063,-0.100000,0.240000,0.000000,-0.020000,0.000000,0.000000,0.043729,0.084085,0.067862,-0.005463,0.001750,0.000000,4.039,1.512
28.961078,0.100000,0.180000,0.040000,-0.020000,0.000000,0.000000,0.049356,0.093676,0.065075,-0.006917,0.001575,0.000000,3.755,1.603
28.980917,0.120000,0.060000,-0.060000,0.000000,0.000000,0.000000,0.056421,0.090309,0.052568,-0.006225,0.001417,0.000000,2.480,1.673
29.000686,-0.100000,0.000000,0.160000,0.000000,0.000000,0.000000,0.040779,0.081278,0.063311,-0.005602,0.001276,0.000000,3.575,1.780
29.020840,0.100000,0.120000,-0.020000,0.000000,0.000000,0.000000,0.046701,0.085150,0.054980,-0.005042,0.001148,0.000000,2.726,1.881
29.041077,0.080000,0.060000,0.020000,0.000000,0.000000,0.000000,0.050031,0.082635,0.051482,-0.004538,0.001033,0.000000,2.369,1.976
29.060927,0.080000,0.120000,0.060000,0.000000,0.000000,0.000000,0.053028,0.086371,0.052334,-0.004084,0.000930,0.000000,2.456,2.045
29.081074,0.040000,0.020000,-0.320000,0.000000,0.000000,0.000000,0.051725,0.079734,0.015100,-0.003676,0.000837,0.000000,-1.341,2.026
29.101084,0.100000,0.020000,0.000000,0.000000,0.000000,0.000000,0.056552,0.073761,0.013590,-0.003308,0.000753,0.000000,-1.495,1.996
29.121093,0.000000,0.000000,0.120000,0.000000,0.000000,0.000000,0.050897,0.066385,0.024231,-0.002977,0.000678,0.000000,-0.410,1.981
29.141078,0.220000,0.120000,0.100000,0.000000,0.000000,0.000000,0.067807,0.071746,0.031808,-0.002680,0.000610,0.000000,0.363,1.989
29.161129,0.140000,-0.020000,0.000000,0.000000,0.000000,0.000000,0.075027,0.062572,0.028627,-0.002412,0.000549,0.000000,0.039,1.983
29.181097,0.040000,0.100000,0.160000,0.000000,0.000000,0.000000,0.071524,0.066315,0.041765,-0.002171,0.000494,0.000000,1.378,2.011
29.200934,0.080000,0.080000,0.020000,0.000000,0.000000,0.000000,0.072372,0.067683,0.039588,-0.001953,0.000445,0.000000,1.156,2.027
29.220969,0.060000,0.020000,0.080000,0.000000,0.000000,0.000000,0.071134,0.062915,0.043629,-0.001758,0.000400,0.000000,1.568,2.046
29.240970,0.200000,0.000000,-0.100000,0.000000,0.000000,0.000000,0.084021,0.056623,0.029266,-0.001582,0.000360,0.000000,0.104,2.043
29.261111,-0.020000,0.020000,0.200000,0.000000,0.000000,0.000000,0.073619,0.052961,0.046340,-0.001424,0.000324,0.000000,1.845,2.024
29.281101,0.200000,0.180000,0.140000,0.000000,0.000000,0.000000,0.086257,0.065665,0.055706,-0.001282,0.000292,0.000000,2.800,2.007
29.301123,0.060000,0.100000,-0.200000,0.000000,0.000000,0.000000,0.083631,0.069098,0.030135,-0.001154,0.000263,0.000000,0.192,1.926
29.320974,0.140000,0.120000,-0.020000,0.000000,0.000000,0.000000,0.089268,0.074189,0.025122,-0.001038,0.000236,0.000000,-0.319,1.865
29.340974,0.120000,0.200000,-0.100000,-0.020000,0.000000,0.000000,0.092341,0.086770,0.012610,-0.002934,0.000213,0.000000,-1.595,1.786
29.360846,0.280000,0.060000,0.000000,0.000000,0.020000,0.000000,0.111107,0.084093,0.011349,-0.002641,0.002191,0.000000,-1.723,1.719
29.381119,0.020000,0.080000,0.000000,0.000000,0.000000,0.000000,0.101996,0.083683,0.010214,-0.002377,0.001972,0.000000,-1.839,1.671
29.400690,0.100000,0.140000,0.000000,0.000000,0.000000,0.000000,0.101797,0.089315,0.009192,-0.002139,0.001775,0.000000,-1.943,1.604
29.420971,0.220000,-0.040000,0.080000,0.000000,0.020000,0.000000,0.113617,0.076384,0.016273,-0.001925,0.003598,0.000000,-1.221,1.547
29.440972,0.000000,0.080000,0.020000,0.000000,0.000000,0.000000,0.102255,0.076745,0.016646,-0.001733,0.003238,0.000000,-1.183,1.487
29.461127,0.000000,0.060000,0.060000,0.000000,0.000000,0.000000,0.092030,0.075071,0.020981,-0.001559,0.002914,0.000000,-0.741,1.471
29.480977,0.120000,0.060000,0.140000,0.000000,0.000000,0.000000,0.094827,0.073564,0.032883,-0.001403,0.002623,0.000000,0.473,1.492
29.500727,0.020000,0.000000,0.180000,0.000000,0.000000,0.000000,0.087344,0.066207,0.047595,-0.001263,0.002360,0.000000,1.973,1.524
29.520979,0.020000,0.080000,0.100000,0.000000,0.000000,0.000000,0.080610,0.067587,0.052835,-0.001137,0.002124,0.000000,2.507,1.602
29.541010,0.220000,0.200000,-0.020000,-0.020000,0.000000,0.000000,0.094549,0.080828,0.045552,-0.003023,0.001912,0.000000,1.764,1.598
29.560975,0.140000,0.120000,0.120000,0.000000,0.000000,0.000000,0.099094,0.084745,0.052997,-0.002721,0.001721,0.000000,2.524,1.595
29.580986,0.020000,0.140000,0.020000,-0.020000,0.000000,0.000000,0.091185,0.090271,0.049697,-0.004449,0.001549,0.000000,2.187,1.567
29.600987,0.120000,0.040000,0.160000,0.000000,0.000000,0.000000,0.094066,0.085244,0.060727,-0.004004,0.001394,0.000000,3.312,1.571
29.620963,0.240000,0.080000,-0.040000,0.000000,0.000000,0.000000,0.108659,0.084719,0.050655,-0.003603,0.001254,0.000000,2.285,1.591
29.640986,0.000000,0.060000,-0.160000,0.000000,0.000000,0.000000,0.097794,0.082247,0.029589,-0.003243,0.001129,0.000000,0.137,1.580
29.660996,0.140000,0.160000,0.000000,-0.020000,0.000000,0.000000,0.102014,0.090023,0.026630,-0.004919,0.001016,0.000000,-0.165,1.571
29.680959,0.060000,0.060000,0.080000,0.000000,0.000000,0.000000,0.097813,0.087020,0.031967,-0.004427,0.000914,0.000000,0.379,1.546
29.700979,0.100000,0.100000,0.140000,0.000000,0.000000,0.000000,0.098031,0.088318,0.042770,-0.003984,0.000823,0.000000,1.481,1.519
29.720984,0.080000,0.080000,0.260000,0.000000,0.000000,0.000000,0.096228,0.087486,0.064493,-0.003586,0.000741,0.000000,3.696,1.520
29.740733,0.140000,0.000000,0.180000,0.000000,0.000000,0.000000,0.100606,0.078738,0.076044,-0.003227,0.000667,0.000000,4.874,1.536
29.760982,-0.060000,0.020000,0.220000,0.000000,0.000000,0.000000,0.084545,0.072864,0.090440,-0.002905,0.000600,0.000000,6.342,1.601
29.780967,0.000000,0.060000,0.040000,0.000000,0.000000,0.000000,0.076090,0.071578,0.085396,-0.002614,0.000540,0.000000,5.827,1.662
29.800989,0.200000,0.120000,0.040000,0.000000,0.000000,0.000000,0.088481,0.076420,0.080856,-0.002353,0.000486,0.000000,5.364,1.726
29.820993,0.020000,0.200000,0.220000,-0.020000,0.000000,0.000000,0.081633,0.088778,0.094771,-0.004117,0.000437,0.000000,6.783,1.796
29.840989,0.060000,0.060000,0.160000,0.000000,0.000000,0.000000,0.079470,0.085900,0.101293,-0.003706,0.000394,0.000000,7.448,1.895
29.860882,0.040000,0.180000,0.060000,-0.020000,0.000000,0.000000,0.075523,0.095310,0.097164,-0.005335,0.000354,0.000000,7.027,1.960
29.880979,0.040000,0.060000,-0.080000,0.000000,0.000000,0.000000,0.071971,0.091779,0.079448,-0.004802,0.000319,0.000000,5.221,1.965
29.900994,0.100000,0.020000,0.060000,0.000000,0.000000,0.000000,0.074774,0.084601,0.077503,-0.004321,0.000287,0.000000,5.023,1.966
29.920998,0.060000,0.200000,0.200000,-0.020000,0.000000,0.000000,0.073296,0.096141,0.089753,-0.005889,0.000258,0.000000,6.272,1.995
29.941014,0.060000,0.120000,0.000000,0.000000,0.000000,0.000000,0.071967,0.098527,0.080777,-0.005300,0.000232,0.000000,5.356,2.022
29.960981,0.120000,0.300000,-0.080000,-0.020000,0.000000,0.000000,0.076770,0.118674,0.064700,-0.006770,0.000209,0.000000,3.717,2.021
29.981017,0.040000,0.120000,0.020000,0.000000,0.000000,0.000000,0.073093,0.118807,0.060230,-0.006093,0.000188,0.000000,3.261,2.037
